RID,Long,Lat,Capacity,ResPrice,ResRent
0,116.5548186,39.76734085,42,62794,878
1,116.3069634,39.86796106,28,95747,1340
2,116.6070145,39.89813205,23,47755,668
3,116.1244622,40.04890012,28,30712,429
4,116.3721728,40.07903898,28,70689,989
5,116.1244622,39.79753552,60,44539,624
6,116.4504403,39.69685518,23,26716,374
7,116.6331137,40.35015195,4,35503,496
8,116.3200042,39.66663267,86,35768,501
9,115.9681599,39.69685518,23,23231,325
10,116.5809161,40.07903898,28,40351,565
11,116.3069634,40.35015195,23,21430,300
12,116.4504403,39.94840323,42,126619,1772
13,116.5678672,40.05894688,43,41709,584
14,116.2808837,40.09912929,18,33341,466
15,116.3069634,39.95845553,41,122135,1710
16,116.1896251,39.66663267,27,54090,757
17,116.7505658,40.36019045,6,17708,248
18,116.2417688,40.35015195,22,59591,834
19,116.5678672,39.79753552,56,39031,546
20,116.7897171,40.14934794,28,29212,409
21,116.3200042,39.76734085,27,66001,924
22,116.150525,39.93835031,28,49904,698
23,116.8419182,39.78747148,14,26650,373
24,116.4113045,39.92829675,55,137882,1930
25,116.5287221,40.2296802,18,54400,762
26,116.3591298,39.8579026,14,66436,930
27,116.4895796,40.61116961,23,25843,362
28,115.5911019,39.63640098,6,32831,459
29,116.7375153,39.98860877,4,37021,518
30,116.1114321,40.21963965,21,26144,366
31,117.2202502,40.63125283,16,43922,614
32,116.2156955,39.99865868,23,84694,1185
33,115.9942008,40.47061306,17,27590,386
34,116.4895796,39.87801878,18,103078,1443
35,116.3591298,40.24976058,23,28037,392
36,115.9030762,39.95845553,18,14778,206
37,116.2026599,39.82772264,18,33630,470
38,116.7114145,40.15939055,28,32942,460
39,116.2939233,39.73713826,17,49396,691
40,116.6070145,39.62632165,21,29245,409
41,116.2678448,39.87801878,1,65339,914
42,116.1244622,39.63640098,4,16770,235
43,116.2417688,39.99865868,21,110323,1544
44,116.828868,40.41038233,6,27154,380
45,117.063738,40.10917381,6,30893,432
46,116.0853743,39.71699862,14,23736,332
47,116.4504403,40.10917381,56,48745,682
48,116.9593618,40.09912929,6,22175,310
49,116.0853743,40.42042068,21,24172,338
50,116.5156743,39.92829675,18,104408,1461
51,116.4113045,39.72706891,17,47128,660
52,116.2548064,40.65133731,22,21430,300
53,116.2548064,39.90818763,22,91272,1277
54,115.9811798,40.11921792,14,18872,264
55,116.7766667,40.6412949,22,18763,262
56,116.4634864,39.78747148,14,62317,872
57,116.3460874,39.97855828,18,134321,1880
58,116.6722636,39.99865868,32,57982,811
59,116.0462943,39.66663267,14,16270,228
60,115.6300553,39.89813205,23,15468,216
61,116.1765909,40.09912929,6,52151,729
62,116.6592135,39.88807577,42,54658,765
63,116.4504403,39.88807577,27,68897,965
64,116.3982601,39.92829675,45,242074,3388
65,116.4373946,40.45053593,14,21430,300
66,116.1635576,40.20959886,1,40560,567
67,116.3852162,39.8579026,65,79559,1113
68,116.3069634,40.05894688,18,117652,1647
69,116.2287318,40.54088668,26,21430,300
70,116.150525,39.72706891,28,25652,358
71,116.6853138,39.73713826,18,30665,429
72,116.3330455,39.88807577,76,145927,2042
73,116.4113045,39.53555767,4,36887,516
74,116.4373946,39.92829675,1,98803,1383
75,116.1244622,40.13930497,20,39634,554
76,116.0593201,39.78747148,6,25186,352
77,116.3982601,39.99865868,28,171452,2400
78,116.6070145,40.11921792,59,16684,234
79,116.7244649,39.83778341,14,41310,578
80,116.5548186,39.99865868,31,123116,1723
81,116.5548186,39.87801878,14,48494,679
82,116.3852162,40.18951644,18,63667,891
83,115.5132369,39.76734085,3,15468,216
84,116.3069634,39.71699862,23,40562,567
85,116.2026599,40.10917381,18,85424,1196
86,116.4634864,39.92829675,31,89638,1254
87,116.3200042,39.51537506,18,31934,447
88,116.3982601,39.83778341,18,61242,856
89,116.868018,40.35015195,17,28784,403
90,116.4113045,40.05894688,18,45116,631
91,116.2548064,39.74720669,23,48336,676
92,115.9291064,39.80759871,18,21053,295
93,116.8549682,40.09912929,17,27338,382
94,117.1159168,40.16943283,54,27476,385
95,116.3200042,40.18951644,4,24150,338
96,116.5287221,40.10917381,55,65863,921
97,116.2939233,39.81766108,26,57140,800
98,116.620064,40.17947479,23,37025,518
99,116.6983641,39.91824252,56,56392,789
100,117.2593655,40.19955779,27,22123,309
101,116.150525,39.81766108,4,54653,765
102,115.8250128,40.47061306,23,16798,235
103,116.3460874,39.90818763,48,221266,3097
104,116.4895796,39.9685072,28,41894,586
105,117.1941702,40.33007471,6,22123,309
106,116.5548186,40.06899316,17,50219,703
107,116.5287221,39.78747148,13,29213,408
108,116.3852162,39.79753552,17,45540,637
109,116.5939652,39.70692738,14,22237,310
110,116.620064,40.01875684,18,44545,624
111,116.6983641,39.65655647,14,32352,452
112,117.0115527,40.07903898,4,28171,394
113,116.4895796,39.76734085,18,82992,1161
114,116.0853743,39.98860877,22,28494,398
115,116.1765909,40.24976058,22,40560,567
116,116.4113045,40.72164451,13,21430,300
117,116.5287221,39.64647925,56,22498,314
118,116.2548064,40.04890012,18,116572,1632
119,116.2026599,39.93835031,18,76658,1072
120,116.5678672,39.73713826,18,34968,489
121,116.2808837,39.93835031,27,151183,2116
122,116.5548186,39.94840323,31,59054,826
123,116.828868,40.06899316,10,29212,409
124,116.1765909,39.78747148,31,40726,570
125,116.3591298,40.02880511,35,98091,1373
126,116.7897171,39.79753552,27,21545,301
127,116.9071666,40.46057445,23,13543,189
128,116.3460874,40.10917381,31,73447,1028
129,116.3982601,39.50528192,11,31934,447
130,116.8549682,40.16943283,20,30492,427
131,116.1896251,40.03885287,13,70993,993
133,116.4895796,39.82772264,23,54211,758
134,115.8120065,40.01875684,22,14778,206
135,116.4895796,40.14934794,46,47427,663
136,116.3982601,40.19955779,55,49819,697
137,116.7244649,40.21963965,14,36500,511
138,116.2287318,40.17947479,22,23615,331
139,116.0202456,39.72706891,28,20292,284
140,116.2156955,39.86796106,56,50611,708
141,116.0853743,40.10917381,10,58483,818
142,116.5678672,40.14934794,31,28770,403
143,116.3591298,39.68678201,22,16997,237
144,116.2548064,40.03885287,27,144403,2022
145,116.7114145,39.82772264,21,41310,578
146,116.8941173,39.80759871,4,26650,373
147,116.5287221,39.87801878,21,66326,928
148,116.0593201,39.82772264,14,25186,352
149,116.5809161,40.54088668,19,25843,362
150,116.6461635,39.74720669,21,32352,452
151,116.9071666,40.65133731,3,14633,205
152,116.0462943,39.57590861,11,21502,301
153,115.9942008,39.59607716,3,14581,204
154,116.7114145,40.03885287,22,60620,848
155,116.1765909,39.91824252,11,52775,739
156,116.5678672,39.89813205,16,47688,667
157,116.5156743,39.83778341,14,54245,759
158,116.7766667,40.24976058,4,36500,511
159,116.4373946,39.97855828,28,194399,2721
160,116.5417702,39.7774066,26,79648,1114
161,116.3460874,40.36019045,52,21430,300
162,116.5809161,40.26984011,77,28774,403
163,116.2808837,39.99865868,32,140187,1962
164,116.3721728,39.99865868,22,101221,1417
165,116.0202456,39.87801878,26,36244,507
166,116.1765909,40.08908436,14,77508,1084
167,116.2678448,40.15939055,27,45724,639
168,116.4243493,40.11921792,20,47060,658
169,116.4504403,40.01875684,60,114397,1601
170,115.7339949,39.73713826,3,15468,216
171,116.3460874,39.82772264,25,60164,842
172,116.3591298,39.74720669,22,42890,600
173,116.2287318,40.16943283,30,56132,786
174,116.4113045,39.78747148,76,56018,784
175,116.1765909,40.20959886,11,40560,567
176,116.2939233,40.10917381,77,43037,602
177,116.7897171,40.35015195,27,17708,248
178,116.5678672,40.21963965,11,54400,762
179,116.2156955,39.9685072,14,65584,918
180,116.828868,40.38026729,14,32885,460
181,116.7505658,39.90818763,21,37021,518
182,116.2808837,39.90818763,27,134072,1876
183,117.1028728,40.53084713,23,31135,435
184,116.4243493,39.90818763,53,137542,1926
185,115.9811798,39.72706891,2,19355,271
186,116.3069634,39.81766108,23,64787,907
187,116.4765328,39.61624124,14,23039,322
188,116.6070145,39.97855828,31,61322,858
189,116.5417702,40.17947479,14,33690,471
190,116.6331137,40.02880511,27,36061,505
191,115.7729948,39.54564717,10,32831,459
192,116.3852162,39.88807577,21,142130,1989
193,116.2156955,40.16943283,22,56132,786
194,116.2156955,40.05894688,22,70630,988
195,116.7114145,39.7774066,52,30665,429
196,116.0853743,40.27987959,22,27113,379
198,116.4113045,40.02880511,43,101638,1423
199,116.2548064,39.59607716,27,31079,435
200,116.7897171,39.61624124,54,22872,320
201,116.2808837,39.94840323,21,144698,2025
202,116.6722636,40.40034399,14,20072,280
203,116.5678672,39.90818763,21,72113,1009
204,116.2156955,39.73713826,27,48336,676
205,116.1635576,39.76734085,28,47281,662
206,116.6592135,39.95845553,10,51152,716
207,116.3460874,40.14934794,10,38626,541
208,116.9202158,40.17947479,25,22175,310
209,116.5678672,39.74720669,11,22291,312
210,116.4504403,39.8579026,26,74620,1045
211,116.3200042,39.68678201,31,46020,644
212,116.0332695,39.58599345,13,21502,301
213,116.6983641,40.08908436,27,36950,517
214,115.9811798,39.79753552,14,14696,205
215,116.5287221,39.90818763,14,52781,739
216,116.3069634,40.07903898,26,51629,722
217,116.9854579,40.57100652,21,31135,435
218,116.1114321,40.07903898,27,58483,818
219,115.9681599,40.45053593,28,30383,424
220,115.955141,40.00870803,20,14778,206
221,116.4113045,39.86796106,83,85757,1201
222,116.3200042,39.72706891,23,42464,594
223,115.9811798,40.41038233,26,11941,166
224,115.695007,39.60615975,26,32831,459
225,116.2287318,39.90818763,77,34398,481
226,116.4113045,39.93835031,53,187810,2629
227,116.6331137,39.99865868,26,83032,1162
228,116.5548186,40.32003595,10,22456,314
229,116.4765328,39.72706891,30,120149,1682
230,116.9985054,40.27987959,2,53531,750
231,117.0506923,40.19955779,54,53531,750
232,116.7897171,40.08908436,34,30895,432
233,116.1114321,39.58599345,12,21502,301
234,116.5287221,39.97855828,4,116010,1623
235,116.3852162,39.51537506,10,31934,447
236,116.6461635,40.13930497,23,41911,586
237,116.1374932,39.92829675,42,48293,676
238,116.3200042,39.92829675,24,135130,1892
239,116.6592135,39.89813205,22,43163,604
240,116.2548064,39.52546697,12,28622,400
241,116.2808837,40.12926163,26,40356,565
242,116.150525,39.63640098,26,16770,235
243,116.2287318,40.07903898,21,71130,996
244,116.5417702,40.18951644,25,46243,648
245,117.0245996,40.2397205,22,53531,750
246,116.1374932,39.75727422,31,29958,420
247,116.4504403,40.07903898,26,44226,619
248,115.9291064,40.14934794,22,18872,264
249,116.2026599,40.32003595,12,59591,834
250,116.4765328,39.92829675,35,91531,1281
251,116.7114145,40.80202228,25,18763,262
252,116.3460874,40.07903898,39,39197,549
253,116.4243493,39.86796106,21,77759,1088
254,116.0723467,39.68678201,36,38023,532
255,115.9811798,39.74720669,23,15982,223
256,116.0984028,39.92829675,24,36814,514
257,116.4895796,39.61624124,18,22498,314
258,116.5939652,39.92829675,106,67720,948
259,116.4765328,39.9685072,44,76463,1070
260,116.3200042,40.03885287,23,100310,1404
261,116.150525,39.79753552,26,38629,541
262,116.620064,39.70692738,21,40855,572
263,116.1635576,39.9685072,23,77498,1084
264,116.5548186,39.86796106,76,53582,750
265,116.3982601,39.69685518,56,27952,391
266,116.3069634,39.83778341,47,80461,1127
267,115.7990013,39.88807577,30,14778,206
268,116.7114145,40.17947479,23,34801,487
269,116.6722636,39.84784339,11,51814,724
270,116.1244622,40.09912929,33,58483,818
271,117.1550459,40.12926163,27,17188,241
272,116.2939233,39.69685518,23,35864,501
273,115.8640392,40.11921792,27,18872,264
274,116.4373946,40.02880511,22,76927,1076
275,116.1635576,39.65655647,23,16770,235
276,116.7897171,39.84784339,13,26650,373
277,116.3591298,39.54564717,14,31934,447
278,116.1896251,39.75727422,27,41335,578
279,116.1244622,39.9685072,21,42612,596
280,116.8419182,40.36019045,55,30419,426
281,116.620064,40.26984011,35,28938,405
282,116.3200042,39.88807577,24,132367,1852
283,116.6722636,40.16943283,25,47616,667
284,115.9291064,40.46057445,75,25327,354
285,116.2939233,39.75727422,54,49153,687
286,116.5809161,39.68678201,31,22237,310
287,116.4895796,40.01875684,25,145226,2032
288,116.9332647,40.05894688,26,28274,396
289,116.0984028,39.76734085,23,59705,836
290,116.620064,39.8579026,55,44561,624
291,116.5417702,40.02880511,43,154566,2163
292,116.3591298,39.83778341,71,85201,1193
293,116.1896251,39.88807577,27,47034,658
294,116.7505658,40.02880511,22,60620,848
295,115.9160907,40.43045906,22,25327,354
296,116.4895796,39.91824252,12,83134,1164
297,116.3460874,39.9685072,42,142151,1989
298,116.2678448,40.01875684,55,102350,1432
299,116.2808837,39.8579026,35,69925,979
300,116.4113045,40.54088668,28,21430,300
301,116.3591298,39.91824252,23,247826,3469
302,116.2808837,39.82772264,65,35195,493
303,116.6853138,39.79753552,35,40973,573
304,116.4634864,40.16943283,22,48646,681
305,116.0462943,40.03885287,22,18872,264
306,116.2156955,39.79753552,22,61451,860
307,117.063738,40.16943283,26,53531,750
308,116.6461635,40.63125283,21,20072,280
309,115.955141,39.58599345,25,13970,195
310,116.5417702,40.08908436,36,47900,670
311,115.8770504,40.47061306,10,25327,354
312,116.1765909,40.10917381,28,84848,1188
313,116.2417688,40.44049747,22,21430,300
314,116.1374932,40.2296802,26,37270,522
315,115.955141,39.83778341,26,14696,205
316,116.5156743,40.08908436,20,61902,866
317,116.0984028,40.37022889,27,11941,166
318,116.3460874,39.8579026,34,154587,2164
319,116.5026268,39.78747148,22,35286,494
320,116.3591298,39.94840323,54,113970,1596
321,116.1896251,39.83778341,54,49625,694
323,116.6331137,40.20959886,31,30312,424
324,116.5287221,40.00870803,43,69651,975
325,116.868018,39.72706891,9,26650,373
326,116.3460874,40.04890012,32,130602,1828
327,116.6461635,39.78747148,30,40973,573
328,116.2417688,39.93835031,23,105845,1482
329,116.1114321,40.00870803,10,26272,368
330,116.8027675,40.15939055,23,28344,397
331,116.4113045,39.97855828,25,97870,1370
332,116.2808837,39.62632165,25,18860,264
333,116.4765328,39.57590861,19,22498,314
334,116.1896251,40.21963965,60,39478,552
335,116.4243493,39.52546697,10,36887,516
336,116.2548064,40.15939055,7,62448,874
337,116.620064,39.91824252,30,38102,534
338,116.6983641,40.07903898,23,41149,576
339,116.2808837,39.95845553,154,170470,2387
340,116.3330455,39.78747148,36,47580,666
341,116.2939233,39.87801878,33,118044,1652
342,116.6853138,40.33007471,18,25362,355
343,116.6853138,39.67670784,9,32352,452
344,115.9421232,40.34011337,22,22716,318
345,116.6070145,40.13930497,50,25206,352
346,116.9071666,39.81766108,20,26650,373
348,116.0462943,39.72706891,23,22981,321
349,116.2026599,39.69685518,25,54090,757
350,116.6331137,39.61624124,54,29245,409
351,116.2026599,40.06899316,33,69719,975
352,116.4243493,40.01875684,22,121322,1698
353,116.2287318,39.88807577,35,46681,654
354,116.7244649,39.81766108,20,41310,578
355,116.1114321,39.88807577,15,28622,400
356,116.8158178,40.19955779,21,28344,397
357,116.5548186,39.73713826,12,27108,379
358,116.0984028,40.11921792,20,58483,818
359,116.2548064,40.29995806,14,59591,834
360,116.620064,40.40034399,21,37814,529
361,116.1374932,39.70692738,13,38948,544
362,116.4634864,39.99865868,31,87307,1222
363,116.5026268,39.75727422,22,75070,1050
364,116.7375153,39.84784339,27,41310,578
365,116.4373946,40.05894688,28,46998,657
366,116.0853743,39.7774066,22,47036,658
367,116.3852162,39.75727422,20,40249,564
368,116.5287221,39.60615975,13,22498,314
369,116.0072227,39.68678201,13,16895,236
370,116.4634864,39.68678201,10,26716,374
371,115.9942008,40.45053593,20,36817,516
372,116.1765909,39.73713826,37,41650,583
373,116.4634864,40.2296802,14,36890,516
374,116.1765909,39.98860877,13,172794,2419
375,116.1765909,39.92829675,33,48063,672
376,116.3591298,39.76734085,39,38294,536
377,116.3591298,40.00870803,26,94900,1328
378,116.5939652,39.87801878,36,48283,675
379,116.7244649,39.90818763,20,141301,1978
380,116.5156743,40.21963965,38,27680,387
381,116.2939233,40.02880511,40,145846,2041
382,116.8027675,40.04890012,25,47594,666
383,116.4113045,39.95845553,120,118832,1663
384,116.1374932,39.66663267,13,16770,235
385,116.3330455,39.73713826,54,50497,706
386,116.3721728,40.15939055,14,28457,398
387,116.2156955,40.02880511,21,69212,968
388,116.3982601,40.06899316,33,55998,783
389,116.6461635,39.90818763,37,40224,562
390,116.1896251,39.86796106,14,71065,994
391,116.4895796,40.17947479,23,31126,435
392,116.4504403,39.93835031,25,97646,1366
393,116.2808837,40.18951644,29,49004,686
394,115.8900627,40.38026729,25,16798,235
395,116.2417688,39.87801878,30,57553,805
396,116.1635576,40.51076855,25,24172,338
397,116.2026599,40.26984011,26,25804,361
398,116.4634864,39.90818763,42,116303,1628
399,116.2026599,40.20959886,21,32048,448
400,116.3982601,39.80759871,30,48335,676
401,116.1635576,40.14934794,9,39634,554
402,116.3330455,39.97855828,24,130950,1833
403,116.8419182,40.46057445,25,14375,201
404,116.5287221,39.92829675,39,76772,1075
405,116.2939233,39.64647925,26,36733,514
406,116.6853138,40.29995806,10,27012,378
407,116.3069634,39.79753552,20,68773,962
408,116.7244649,39.75727422,14,30665,429
409,116.3200042,40.01875684,36,147096,2059
410,116.3852162,40.08908436,20,54343,760
411,116.2026599,40.11921792,23,60102,841
412,116.4373946,39.81766108,25,59941,838
413,116.3721728,39.73713826,26,47624,667
414,116.1896251,39.80759871,33,43098,603
415,116.8549682,39.81766108,25,26650,373
416,116.868018,39.78747148,10,26650,373
417,116.3721728,39.9685072,25,46810,655
418,116.8158178,40.14934794,39,28186,394
419,116.868018,40.20959886,19,30492,427
420,116.6592135,39.83778341,27,40973,573
421,116.3721728,40.02880511,26,101843,1425
422,116.4765328,40.08908436,10,103945,1455
423,116.3460874,39.69685518,22,28511,399
424,116.8810677,40.29995806,9,32708,458
425,116.4765328,40.12926163,25,77675,1087
426,116.1765909,40.2296802,26,40560,567
427,116.0853743,39.95845553,29,33598,470
428,116.8419182,39.68678201,20,39278,549
429,116.4765328,39.8579026,26,52952,741
430,116.1765909,40.41038233,25,59591,834
431,116.868018,40.11921792,23,27338,382
432,116.3982601,39.88807577,159,210007,2940
433,116.5548186,40.10917381,16,61806,865
434,115.9421232,39.74720669,26,13086,183
435,116.1374932,39.72706891,7,26951,376
436,116.2548064,39.79753552,22,36797,514
437,116.828868,40.07903898,37,29212,409
438,116.7897171,39.74720669,13,39278,549
439,116.1765909,39.71699862,25,54090,757
440,116.3982601,40.04890012,15,59569,834
441,117.0115527,40.10917381,26,30160,422
442,116.7375153,40.24976058,9,36500,511
443,116.3852162,39.86796106,73,98438,1377
444,116.7766667,40.48065176,14,24923,349
445,116.9985054,40.18951644,22,30160,422
446,116.1896251,39.82772264,32,36650,513
447,116.1765909,39.90818763,55,56967,797
448,116.6070145,40.2296802,14,30312,424
449,116.4634864,39.87801878,33,72494,1015
450,116.2156955,39.98860877,75,98758,1382
451,115.8380204,39.79753552,15,15468,216
452,116.3721728,39.89813205,66,199026,2786
453,116.2678448,39.93835031,28,117341,1642
454,116.5939652,40.01875684,14,47069,658
455,117.0115527,40.03885287,20,12670,177
456,116.4634864,39.65655647,14,23039,322
457,116.6722636,40.03885287,39,32452,454
458,116.5026268,40.19955779,25,31126,435
459,116.5026268,39.90818763,27,70928,992
460,116.4373946,40.35015195,19,25843,362
461,116.0723467,39.82772264,25,29054,406
462,116.4373946,39.93835031,81,86592,1211
463,116.4243493,39.63640098,20,36887,516
464,116.5026268,39.91824252,26,65401,915
465,116.7114145,39.84784339,29,41310,578
466,116.5678672,39.97855828,26,101869,1425
467,116.3330455,39.99865868,22,55420,776
468,116.2287318,40.02880511,22,69212,968
469,116.2808837,39.74720669,26,41977,588
470,116.1244622,39.86796106,25,29245,409
471,116.5809161,39.99865868,26,125318,1754
472,116.6331137,39.67670784,19,26674,373
473,116.2808837,39.88807577,34,119051,1666
474,116.7375153,39.8579026,20,37872,530
475,116.7897171,40.19955779,7,28344,397
476,116.2678448,40.2397205,13,49144,687
477,117.0376461,40.07903898,26,28171,394
478,116.5939652,39.79753552,25,40067,560
479,116.8158178,40.37022889,25,27130,380
480,116.6592135,40.04890012,24,32452,454
481,116.3591298,39.7774066,26,32100,448
482,116.0723467,39.72706891,18,28798,403
483,116.4765328,39.86796106,22,66145,926
484,116.0853743,39.60615975,31,22061,308
485,116.2678448,39.64647925,9,25520,357
486,116.4243493,39.91824252,25,101186,1417
487,116.2678448,39.90818763,109,117899,1650
488,116.2156955,40.03885287,20,69212,968
489,116.2939233,40.08908436,55,65057,910
490,116.5026268,39.8579026,10,61182,856
491,116.4504403,39.80759871,29,56603,792
492,116.2939233,40.20959886,25,55252,774
493,116.2939233,39.92829675,37,154038,2156
494,116.3330455,39.98860877,55,135349,1894
495,116.5548186,39.79753552,23,48646,681
496,116.150525,40.24976058,26,28735,402
497,116.1765909,39.61624124,14,16770,235
498,116.4113045,39.94840323,48,157068,2198
499,116.3852162,39.80759871,51,54133,757
500,116.4504403,39.95845553,45,85449,1196
501,116.6853138,39.89813205,30,57588,806
502,116.3852162,40.12926163,25,55258,774
503,116.3069634,39.92829675,24,147916,2071
504,116.7505658,40.11921792,20,30895,432
505,116.3330455,40.06899316,38,59918,839
506,116.5548186,40.04890012,38,46646,652
507,116.5939652,39.88807577,53,46967,657
508,116.5809161,40.05894688,27,41249,577
509,116.620064,40.10917381,19,36461,510
510,116.5809161,39.65655647,84,22237,310
511,115.9030762,40.06899316,10,14778,206
512,116.5809161,40.2899189,48,28774,403
513,116.3330455,40.02880511,46,131739,1844
515,116.7766667,40.32003595,13,17708,248
516,116.6983641,39.9685072,15,93660,1311
517,116.3330455,39.87801878,63,127234,1781
518,116.5939652,40.04890012,9,44666,625
519,116.620064,39.95845553,34,36971,517
520,116.1114321,39.65655647,38,16770,235
521,116.4634864,40.03885287,25,84226,1179
522,116.5548186,39.72706891,26,27108,379
523,116.3460874,39.92829675,29,185875,2602
524,115.9291064,39.70692738,23,15468,216
525,116.2417688,39.84784339,22,55781,781
526,116.2548064,40.11921792,16,45368,634
527,116.9985054,40.42042068,9,20335,284
528,116.5417702,40.14934794,29,46181,646
529,116.828868,40.47061306,9,18115,253
530,116.3721728,40.06899316,21,94646,1324
531,116.0593201,39.92829675,27,32047,448
532,116.4113045,39.84784339,19,30274,423
533,116.6461635,39.92829675,21,42977,601
534,116.9202158,40.09912929,26,22175,310
535,116.3460874,39.70692738,14,28511,399
536,115.9421232,39.60615975,74,13970,195
537,116.4243493,40.00870803,29,102725,1437
539,116.4243493,40.09912929,25,49656,694
540,116.2939233,39.88807577,50,88272,1235
541,116.0593201,39.71699862,75,20362,285
542,116.4373946,39.89813205,45,124397,1741
543,116.6461635,40.32003595,54,29164,408
544,116.2156955,39.93835031,26,114870,1608
545,116.1374932,40.26984011,26,24586,344
546,116.2808837,40.24976058,20,32368,453
547,116.6592135,39.80759871,13,40973,573
548,116.2548064,40.07903898,20,114906,1609
549,116.4373946,40.14934794,12,48646,681
550,116.1896251,39.90818763,26,78600,1100
551,116.3069634,39.88807577,46,73673,1031
552,116.4634864,39.81766108,9,66376,928
553,116.4373946,39.8579026,13,100440,1406
554,116.2678448,39.86796106,24,57462,804
555,117.0376461,40.40034399,22,31135,435
556,116.7375153,39.7774066,13,25256,354
557,116.0332695,40.42042068,13,28225,394
558,116.4243493,39.73713826,14,46825,655
559,116.3721728,39.95845553,27,178875,2504
560,116.7244649,39.67670784,12,32352,452
561,116.1765909,39.74720669,13,30941,433
562,116.4765328,39.98860877,23,64836,908
563,116.0202456,39.7774066,24,18920,265
565,116.5287221,39.9685072,26,127612,1786
567,116.3330455,40.04890012,72,80514,1127
568,116.1244622,39.89813205,21,29075,406
569,116.150525,40.13930497,26,39634,554
570,116.5548186,39.63640098,10,22237,310
571,116.6592135,39.70692738,38,32352,452
572,116.3852162,40.05894688,21,62119,870
573,116.1896251,40.14934794,36,60102,841
574,116.5156743,40.02880511,26,113719,1592
575,116.1244622,40.2296802,25,25612,358
576,116.3852162,39.62632165,21,36887,516
577,116.150525,39.78747148,14,45684,639
578,116.3852162,39.83778341,25,87382,1222
579,116.6722636,39.91824252,30,64655,904
580,116.4765328,39.94840323,48,102564,1436
581,116.5678672,40.44049747,17,25843,362
582,116.2808837,39.81766108,23,68164,954
583,115.8900627,39.82772264,22,21053,295
585,116.7244649,40.00870803,19,37374,523
586,116.3460874,40.05894688,19,78979,1105
587,116.0202456,39.91824252,13,44677,625
588,116.2808837,40.20959886,10,28672,402
589,116.1114321,39.78747148,7,47036,658
590,116.4634864,39.61624124,13,23039,322
591,116.2939233,39.89813205,31,123883,1734
592,116.6722636,40.08908436,2,39959,559
593,116.6592135,39.86796106,21,44929,628
594,116.620064,40.15939055,20,33288,465
595,115.955141,40.08908436,26,18872,264
596,116.0202456,39.69685518,20,20292,284
597,116.2939233,39.91824252,33,141408,1980
598,116.3591298,40.01875684,38,105071,1471
599,116.7505658,39.79753552,21,25256,354
600,116.1244622,39.60615975,25,16770,235
601,116.2026599,40.16943283,28,29305,410
602,116.1765909,39.83778341,37,46492,650
603,116.1635576,39.73713826,20,40402,565
604,115.8770504,39.59607716,19,20764,290
605,116.6461635,39.98860877,23,83032,1162
606,116.2156955,39.92829675,30,76973,1077
607,115.9681599,39.63640098,28,13970,195
608,116.4373946,40.01875684,25,97484,1365
609,116.4895796,39.79753552,23,71377,999
610,116.5026268,39.73713826,19,68773,962
611,116.1635576,39.7774066,23,34332,481
612,117.063738,40.19955779,25,53531,750
613,115.9942008,39.66663267,25,16895,236
614,116.0723467,39.70692738,25,33965,475
615,116.5287221,39.81766108,16,77600,1086
616,116.1635576,39.68678201,26,21904,307
617,116.4373946,39.91824252,20,128917,1804
618,116.2548064,39.92829675,25,122682,1717
619,116.3200042,40.05894688,20,70792,991
620,116.1244622,39.95845553,32,43776,613
621,116.0984028,39.84784339,21,26296,368
622,116.4765328,39.7774066,9,55615,778
623,116.5026268,39.80759871,18,55847,782
624,116.7766667,39.90818763,13,37021,518
625,116.2287318,40.08908436,28,71130,996
626,116.1765909,39.75727422,19,42797,599
627,116.2808837,39.92829675,18,88304,1236
628,116.3069634,40.20959886,9,33155,464
629,116.5156743,40.12926163,36,62067,869
630,115.9942008,39.71699862,13,27013,378
632,116.3852162,39.92829675,26,169993,2379
633,116.1374932,40.10917381,43,58483,818
634,116.9071666,40.06899316,22,28274,396
635,116.8158178,40.13930497,22,29212,409
636,115.9811798,40.03885287,19,18872,264
637,116.150525,40.10917381,13,52151,729
638,116.3982601,39.58599345,14,36887,516
639,116.2808837,39.51537506,25,27712,387
640,116.6592135,39.65655647,19,32053,448
641,116.5026268,39.83778341,29,50731,710
642,116.2808837,39.66663267,18,34729,486
643,116.2026599,39.76734085,51,47383,663
644,116.0853743,39.90818763,37,54890,768
645,116.0853743,40.09912929,84,58483,818
646,116.4634864,40.15939055,28,62909,880
647,116.3069634,39.78747148,20,41370,579
648,116.4504403,39.71699862,73,120149,1682
649,116.6983641,40.42042068,22,20072,280
650,116.2808837,40.04890012,55,100326,1404
651,116.3852162,39.90818763,53,182792,2559
652,116.6983641,39.84784339,24,41310,578
653,116.3721728,39.66663267,23,16997,237
654,116.6983641,39.97855828,20,37374,523
655,116.5026268,40.04890012,19,94028,1316
656,116.6461635,40.08908436,50,21013,294
657,116.3069634,40.14934794,14,72716,1017
658,116.5287221,39.94840323,35,87117,1219
659,116.7114145,39.89813205,31,62564,876
660,116.5026268,39.95845553,34,93926,1315
661,116.1374932,39.90818763,36,68788,963
662,116.2417688,40.21963965,20,53160,744
663,116.620064,39.82772264,125,21374,298
664,116.1896251,39.92829675,23,63965,896
665,116.5939652,39.72706891,24,22291,312
666,116.3069634,39.97855828,32,120406,1686
667,116.3069634,40.2296802,25,47114,660
668,115.7729948,39.61624124,37,32831,459
669,116.2287318,39.94840323,21,88682,1242
670,116.2156955,39.88807577,16,78635,1100
671,116.6592135,40.19955779,36,48564,680
673,116.0853743,39.74720669,18,59705,836
674,115.9811798,39.70692738,29,27175,380
675,116.7897171,39.65655647,20,22872,320
676,116.4373946,39.58599345,24,36887,516
677,116.5809161,39.81766108,13,72799,1018
678,116.9593618,40.43045906,25,20335,284
679,116.3330455,39.89813205,25,145661,2039
680,116.6853138,39.94840323,53,33515,469
681,116.6853138,40.20959886,28,50000,699
682,116.2417688,40.20959886,24,27426,384
683,116.4243493,39.87801878,63,124014,1735
684,116.3591298,39.98860877,110,124673,1745
686,116.5287221,39.73713826,12,45354,634
687,116.2678448,39.89813205,19,69668,975
688,116.3721728,39.65655647,13,16997,237
689,116.620064,40.09912929,12,24299,339
690,116.2287318,39.63640098,28,18860,264
691,116.0202456,40.54088668,18,24172,338
692,116.6853138,40.24976058,19,36103,505
693,116.5678672,39.86796106,20,57002,798
694,116.3200042,39.86796106,46,78735,1102
695,116.3460874,40.54088668,19,21430,300
696,116.6722636,39.86796106,10,52208,730
697,116.0593201,39.68678201,14,18427,258
698,116.4765328,39.84784339,13,52952,741
699,116.2939233,40.07903898,20,69343,970
700,116.0332695,39.82772264,25,25186,352
701,116.0462943,39.62632165,25,15167,212
702,116.5939652,40.19955779,37,36782,514
703,116.4634864,39.8579026,16,108362,1516
704,116.3460874,39.89813205,13,135209,1892
705,116.7636163,40.42042068,14,14186,199
706,116.3852162,40.15939055,19,44412,621
707,116.3852162,39.55573548,25,36887,516
708,116.0593201,39.64647925,20,17582,246
709,116.5809161,39.92829675,19,56714,794
710,116.7766667,39.71699862,18,39278,549
711,116.6331137,40.33007471,23,37780,529
712,116.3982601,40.00870803,44,84341,1181
713,116.3330455,39.67670784,12,30388,426
714,116.1896251,39.73713826,26,55008,770
715,116.4634864,39.89813205,25,91246,1278
716,116.1765909,39.84784339,28,40027,560
717,116.2287318,39.7774066,13,32162,450
718,116.4243493,39.98860877,20,127609,1786
719,116.1244622,39.91824252,19,36071,505
720,116.0853743,39.67670784,5,38023,532
721,115.9811798,39.9685072,24,15660,219
722,116.8549682,40.37022889,33,29599,413
723,116.6592135,39.93835031,21,62590,876
724,116.6983641,40.00870803,19,37374,523
726,116.5417702,39.78747148,25,79648,1114
727,116.3721728,39.86796106,19,68212,955
728,116.4113045,39.90818763,101,143145,2004
729,115.8120065,39.86796106,13,19315,270
730,115.9030762,39.62632165,18,15260,213
731,116.3591298,39.89813205,29,261216,3657
732,116.5026268,39.69685518,13,45354,634
733,116.3200042,39.94840323,37,101230,1416
734,116.3460874,39.87801878,20,125779,1760
735,116.6070145,39.90818763,25,53634,751
736,116.5156743,40.10917381,12,59994,840
737,116.1114321,39.69685518,27,17905,250
738,116.5809161,40.16943283,10,33690,471
739,116.8810677,39.76734085,26,26650,373
740,116.8941173,40.04890012,13,28274,396
741,116.3330455,39.80759871,21,56082,784
742,116.3982601,39.84784339,18,59230,829
743,116.5548186,39.9685072,20,141744,1984
744,117.1420034,40.16943283,21,27476,385
745,116.3330455,39.66663267,29,30388,426
746,116.0984028,40.05894688,28,30712,429
747,116.1896251,39.78747148,13,47263,661
748,116.5417702,39.8579026,21,29742,416
749,116.6070145,40.34011337,14,34489,482
750,116.620064,40.30999707,20,35566,498
751,115.9942008,40.2899189,20,14530,204
753,116.2417688,39.97855828,13,87805,1228
754,116.2026599,40.21963965,10,30341,424
755,116.6592135,40.36019045,26,29676,415
757,116.0853743,40.17947479,19,42740,598
758,116.6070145,40.08908436,26,34891,488
759,116.5287221,40.05894688,36,102298,1431
760,116.0984028,39.88807577,13,36244,507
761,116.2026599,40.27987959,19,25804,361
762,116.3069634,40.16943283,13,41982,588
763,116.6331137,40.16943283,19,33288,465
764,116.0853743,39.94840323,25,33186,464
765,116.2417688,39.70692738,14,32590,456
766,116.7114145,39.94840323,29,58984,825
767,116.4504403,39.92829675,19,94325,1320
769,116.4895796,39.74720669,28,68773,962
770,116.2939233,39.83778341,36,58182,814
771,115.7209975,39.97855828,5,14778,206
772,116.5809161,40.06899316,26,44666,625
773,116.7375153,40.20959886,10,36500,511
775,116.6592135,40.21963965,19,31157,435
776,116.5678672,39.99865868,13,125318,1754
777,116.4504403,39.83778341,22,56135,786
778,116.8158178,39.82772264,13,26650,373
779,116.5548186,39.7774066,26,24419,342
780,116.3069634,40.15939055,19,41982,588
781,116.4504403,39.89813205,28,115804,1621
782,115.5651406,39.79753552,18,15468,216
783,116.6331137,39.93835031,22,50828,711
784,116.6461635,40.01875684,12,27128,379
785,116.150525,39.7774066,28,36287,507
786,116.3591298,40.03885287,19,83899,1174
787,116.4504403,40.03885287,22,72293,1011
789,116.3591298,39.95845553,47,117454,1644
790,116.2548064,40.01875684,24,114893,1608
791,116.5417702,39.75727422,41,43928,615
792,116.0853743,40.19955779,20,27638,386
793,116.1635576,39.78747148,52,34332,481
795,116.3982601,40.03885287,53,75218,1052
796,116.3852162,39.97855828,73,94634,1324
797,116.2548064,39.99865868,38,100918,1412
799,116.0853743,39.93835031,48,34951,489
800,116.4504403,39.63640098,18,36887,516
801,116.9985054,40.06899316,13,27466,384
802,116.6853138,39.75727422,20,30665,429
804,116.6592135,40.06899316,20,36216,507
805,116.1374932,40.24976058,28,24586,344
806,116.5939652,40.12926163,30,17747,248
807,116.7636163,40.16943283,28,32856,460
808,115.9811798,40.49069056,18,38471,538
809,117.0898283,40.13930497,18,26093,364
810,116.3460874,39.91824252,56,184489,2582
811,116.2548064,39.8579026,14,66337,928
812,116.2548064,40.16943283,49,54830,767
813,116.2417688,40.03885287,24,116572,1632
814,116.6461635,40.18951644,25,34212,478
815,116.2026599,39.98860877,15,77834,1089
816,116.3591298,39.9685072,43,118415,1658
817,116.0332695,39.99865868,9,18872,264
818,116.3852162,39.98860877,19,111245,1557
819,116.3460874,39.71699862,25,36550,511
822,116.5548186,39.93835031,13,56563,792
823,116.4373946,39.98860877,25,81379,1138
824,116.4504403,39.9685072,7,143248,2005
825,116.620064,40.04890012,26,19494,272
827,116.2678448,39.75727422,19,42368,592
829,116.0593201,39.98860877,19,28494,398
830,116.6983641,39.86796106,29,46746,654
831,116.4765328,40.02880511,37,105478,1477
832,116.5809161,39.89813205,18,59281,830
833,116.7505658,40.14934794,25,30895,432
834,116.5548186,39.84784339,28,64822,907
836,116.5156743,39.95845553,24,77630,1087
837,116.2808837,39.73713826,25,41600,582
838,116.4373946,39.9685072,66,111031,1554
839,116.4373946,39.88807577,162,102502,1435
840,116.3200042,40.04890012,57,97586,1365
841,116.5548186,40.2296802,25,54400,762
843,116.7766667,40.38026729,13,27460,384
844,116.6331137,39.87801878,26,41526,580
845,116.6722636,39.93835031,25,40252,564
846,116.0332695,39.86796106,7,36244,507
847,116.6331137,39.75727422,18,35905,502
848,116.6592135,39.75727422,20,30665,429
849,116.4243493,39.69685518,9,26716,374
850,117.0376461,40.13930497,18,30160,422
852,116.4765328,39.83778341,28,50586,707
853,116.5026268,39.84784339,22,58750,822
854,116.3069634,40.21963965,18,47114,660
855,116.4243493,39.81766108,20,50497,706
856,116.5939652,39.8579026,37,57002,798
857,116.3460874,40.12926163,9,62418,873
858,116.7244649,39.92829675,22,99046,1387
859,116.4243493,39.94840323,45,139340,1951
860,115.9421232,39.70692738,56,24808,346
861,116.3460874,40.15939055,14,38626,541
862,116.6461635,39.71699862,22,32352,452
863,116.4895796,39.99865868,29,150472,2107
864,116.2548064,39.91824252,25,126815,1776
865,116.3460874,39.66663267,13,30388,426
866,116.6853138,40.03885287,19,31979,447
868,116.4243493,39.89813205,63,135804,1901
869,116.2678448,39.88807577,10,121538,1701
870,116.6461635,40.04890012,23,19494,272
871,116.2417688,40.04890012,13,116572,1632
872,116.0202456,39.60615975,9,15257,213
873,116.5156743,40.19955779,2,27347,382
874,116.7636163,39.81766108,23,21545,301
875,116.3591298,40.08908436,13,52738,738
876,116.4504403,39.67670784,13,26716,374
877,116.7375153,39.62632165,21,22872,320
878,116.1765909,40.07903898,20,77508,1084
879,116.620064,39.83778341,13,21374,298
880,116.7114145,39.72706891,8,30665,429
881,116.4504403,39.78747148,29,26821,375
882,116.5939652,39.86796106,21,59257,829
883,116.5809161,40.03885287,29,33196,464
884,116.5678672,40.02880511,14,72074,1009
885,116.6983641,39.68678201,14,32352,452
886,116.4113045,39.82772264,13,44759,626
887,116.5678672,39.87801878,12,47737,668
888,116.2548064,40.21963965,15,43373,607
891,116.3591298,40.05894688,9,96904,1357
892,116.2548064,40.08908436,9,100151,1401
893,116.5809161,40.34011337,10,22456,314
894,116.4373946,39.79753552,37,48583,679
895,116.1114321,39.79753552,25,47036,658
896,116.150525,39.64647925,27,16770,235
897,116.2026599,39.95845553,19,213599,2990
898,116.3330455,40.07903898,13,54917,769
899,116.5678672,39.93835031,13,92039,1288
900,116.5026268,40.40034399,5,25843,362
902,116.3200042,39.71699862,13,39215,549
904,116.4895796,40.03885287,12,145226,2032
905,116.4504403,39.74720669,25,49963,699
906,116.4765328,39.73713826,13,120149,1682
907,116.3852162,39.95845553,19,110165,1542
908,116.5809161,39.73713826,25,22291,312
909,116.3200042,39.73713826,24,51221,717
910,116.4765328,39.88807577,25,86671,1213
911,116.3330455,39.76734085,20,65075,910
913,116.5026268,39.98860877,95,68427,958
914,116.7636163,40.33007471,3,17708,248
915,116.5678672,39.94840323,25,62642,877
916,116.2156955,40.08908436,9,71130,996
917,116.9463134,40.12926163,21,22175,310
918,116.0332695,39.70692738,19,20292,284
919,116.3330455,39.94840323,44,98789,1382
920,116.4895796,40.07903898,24,87445,1224
921,116.3069634,39.73713826,13,42271,591
922,116.5939652,39.99865868,18,125318,1754
923,115.955141,39.65655647,18,30620,428
924,116.4113045,39.83778341,19,83861,1173
925,116.3069634,39.80759871,18,81966,1147
926,116.5026268,39.7774066,20,35286,494
927,116.4243493,40.2296802,51,34348,481
928,116.2678448,39.99865868,18,107938,1510
929,116.3982601,39.86796106,63,114031,1596
930,116.5026268,40.03885287,27,106952,1497
931,116.5417702,40.05894688,25,136212,1906
932,116.3200042,39.63640098,25,18632,260
933,116.1114321,39.91824252,24,35672,499
935,116.5809161,39.84784339,22,75462,1056
936,116.3721728,40.17947479,24,28457,398
938,116.3852162,40.2296802,10,24269,339
939,116.7766667,39.86796106,13,37872,530
940,116.1635576,39.81766108,13,40768,571
941,116.2678448,39.95845553,84,88923,1245
943,116.5417702,39.73713826,28,28595,400
945,116.4243493,40.04890012,31,111343,1558
946,116.3982601,40.16943283,19,39049,547
947,116.5287221,40.01875684,19,100999,1413
948,116.1244622,39.72706891,35,32496,454
949,116.150525,39.87801878,25,42118,589
950,116.4113045,39.87801878,40,122887,1720
951,116.5678672,40.20959886,13,54400,762
953,116.4634864,39.91824252,13,116396,1629
954,116.5417702,39.90818763,40,58786,823
955,116.1896251,39.94840323,50,55319,774
956,116.6331137,40.08908436,25,24299,339
957,116.3330455,39.79753552,20,50124,702
958,116.1114321,39.7774066,25,47036,658
959,116.2678448,39.84784339,17,64448,902
960,116.0332695,39.67670784,37,23100,324
961,116.5417702,40.12926163,13,40187,562
962,116.5026268,39.82772264,27,29815,417
963,116.4765328,40.18951644,18,31126,435
964,116.3591298,39.70692738,24,31079,435
965,116.1635576,39.92829675,9,90001,1260
966,116.2156955,40.21963965,28,33022,462
967,116.0723467,39.86796106,18,23516,328
968,116.6592135,40.00870803,12,42850,600
969,116.4373946,39.87801878,93,131998,1848
970,116.4895796,39.70692738,26,120149,1682
971,116.3200042,39.60615975,19,54551,763
973,116.6722636,39.90818763,51,41107,576
974,116.1635576,40.02880511,73,65754,920
975,116.3460874,40.21963965,24,28037,392
976,116.0984028,39.91824252,49,52808,739
977,116.5678672,39.81766108,25,37346,523
978,117.1028728,40.08908436,13,22588,316
979,116.2156955,40.24976058,25,42818,600
980,116.1114321,39.62632165,13,17582,246
982,116.3982601,39.66663267,20,16997,237
983,116.3982601,40.09912929,13,53004,741
984,116.5417702,40.04890012,27,50544,708
985,116.3330455,39.9685072,25,121388,1699
986,116.3591298,39.87801878,21,139162,1948
988,116.1635576,40.2296802,28,40560,567
989,116.2808837,39.78747148,27,36797,514
990,116.5417702,39.80759871,73,13974,195
992,116.8158178,39.75727422,9,21588,302
993,116.5678672,39.84784339,25,75462,1056
994,116.3721728,39.88807577,38,193785,2713
995,116.3330455,40.19955779,10,45008,630
996,116.6461635,40.35015195,19,34946,489
997,116.4113045,40.12926163,25,38934,544
998,116.2678448,40.08908436,38,114906,1609
999,116.5156743,40.03885287,13,111302,1558
1001,116.3852162,39.94840323,10,178325,2496
1002,116.3200042,40.08908436,18,54462,762
1003,116.3982601,40.01875684,18,93313,1306
1004,116.6853138,39.8579026,25,46264,648
1005,116.1114321,39.90818763,9,59983,840
1006,116.7505658,39.67670784,19,30665,429
1007,116.7636163,39.63640098,9,22872,320
1008,116.8419182,39.72706891,50,26650,373
1009,116.3852162,40.03885287,25,98658,1381
1010,116.1896251,39.97855828,24,73169,1024
1011,116.3721728,39.92829675,54,171435,2400
1012,116.1635576,40.06899316,26,78054,1092
1013,116.3330455,40.09912929,47,67672,948
1014,115.9421232,39.63640098,20,13970,195
1015,116.3852162,40.09912929,25,79896,1118
1016,116.6722636,39.81766108,18,40973,573
1017,116.0202456,39.76734085,28,18920,265
1018,116.2678448,40.04890012,24,105916,1483
1021,116.828868,40.37022889,2,32599,456
1022,116.0853743,39.80759871,17,29054,406
1023,116.3460874,39.65655647,27,30388,426
1025,116.5026268,40.05894688,13,94028,1316
1026,116.4504403,39.55573548,17,36887,516
1027,116.5809161,39.75727422,32,22291,312
1028,116.6461635,40.17947479,25,34758,487
1029,116.4634864,39.72706891,38,120149,1682
1030,116.4504403,39.86796106,13,63492,889
1031,116.3721728,39.67670784,20,16997,237
1032,116.4895796,39.95845553,16,88205,1234
1033,116.1896251,39.91824252,73,55555,777
1034,116.4504403,39.81766108,13,56603,792
1035,116.5548186,40.00870803,20,123116,1723
1038,116.3069634,40.04890012,6,38779,542
1039,116.5548186,40.19955779,26,33690,471
1040,116.6070145,40.02880511,12,31696,444
1042,116.3721728,39.93835031,9,188776,2642
1043,117.063738,40.29995806,10,53531,750
1044,116.3591298,39.80759871,25,109609,1534
1046,116.2287318,39.97855828,24,32652,457
1048,116.828868,40.14934794,22,27338,382
1049,116.2939233,40.18951644,36,55252,774
1050,116.5417702,39.83778341,13,68609,960
1051,116.2808837,40.14934794,56,38158,534
1053,116.4243493,40.27987959,13,34348,481
1054,116.3069634,40.03885287,22,40203,563
1055,116.0332695,39.65655647,21,20809,291
1056,116.4765328,40.03885287,19,145226,2032
1057,116.4243493,39.8579026,25,70223,982
1058,116.1114321,39.80759871,14,47036,658
1059,116.7505658,39.93835031,49,37021,518
1060,116.6592135,39.94840323,13,51152,716
1061,116.1374932,39.9685072,25,43175,604
1062,116.6853138,40.13930497,19,32942,460
1063,116.6722636,40.01875684,24,31979,447
1064,116.3200042,39.69685518,25,40028,560
1065,116.7114145,40.29995806,13,27012,378
1066,116.3330455,39.84784339,56,63596,890
1067,116.2287318,40.29995806,25,59591,834
1069,116.1244622,40.24976058,19,27113,379
1070,116.2287318,40.20959886,19,45907,643
1071,116.5678672,40.03885287,9,72074,1009
1072,116.9985054,40.14934794,5,30160,422
1073,116.0853743,39.89813205,2,26225,367
1074,116.0332695,39.74720669,9,22786,319
1075,116.0984028,40.00870803,24,26272,368
1076,116.6461635,39.80759871,21,40973,573
1077,116.620064,39.75727422,24,35905,502
1078,116.97241,40.13930497,27,30160,422
1080,116.150525,39.80759871,9,49362,691
1081,116.7505658,40.05894688,18,60620,848
1082,116.1114321,39.73713826,20,24176,338
1083,116.2548064,39.7774066,25,36797,514
1084,116.1635576,40.09912929,2,52151,729
1085,116.3460874,39.99865868,44,133293,1866
1086,116.6853138,39.86796106,17,47453,664
1087,116.7897171,39.81766108,12,21545,301
1088,116.4113045,39.8579026,38,66634,932
1089,116.3069634,39.94840323,24,127309,1782
1090,116.3852162,39.87801878,10,128311,1796
1091,116.2287318,39.93835031,38,84579,1184
1093,116.6070145,40.15939055,9,33288,465
1094,116.7505658,40.2899189,9,26147,366
1095,116.6461635,39.87801878,30,45003,630
1096,116.4895796,40.12926163,34,72267,1012
1097,117.1159168,40.12926163,19,22588,316
1098,116.3852162,39.71699862,18,32449,454
1099,116.3721728,40.10917381,19,62418,873
1100,116.2939233,39.62632165,18,36733,514
1102,116.5287221,39.89813205,30,52781,739
1103,116.6461635,39.86796106,30,50436,706
1104,115.9160907,39.71699862,18,15468,216
1105,116.7114145,39.9685072,19,93660,1311
1106,116.5417702,39.84784339,2,29742,416
1107,116.2548064,40.09912929,29,38773,542
1109,116.4895796,39.84784339,9,61182,856
1110,116.3069634,40.18951644,9,41982,588
1111,116.5678672,39.80759871,25,69959,979
1112,116.6461635,39.84784339,27,40973,573
1113,116.3460874,40.02880511,18,96556,1351
1114,116.2026599,40.03885287,24,66408,930
1115,116.8158178,40.10917381,24,29212,409
1117,116.620064,39.90818763,9,41803,585
1118,116.3069634,39.99865868,13,157313,2202
1119,116.5678672,39.78747148,24,82276,1152
1120,116.4895796,39.73713826,9,120149,1682
1121,116.4243493,39.93835031,63,168739,2362
1123,116.8158178,40.33007471,12,13648,190
1125,116.5156743,39.86796106,27,81635,1142
1127,116.3982601,39.90818763,28,109480,1532
1128,116.868018,39.80759871,13,26650,373
1129,116.2808837,40.2296802,2,49848,698
1130,117.1159168,40.09912929,28,22588,316
1131,116.5417702,39.82772264,22,89473,1252
1132,116.5417702,40.16943283,26,33690,471
1133,116.6853138,40.05894688,25,41149,576
1134,116.4634864,40.00870803,26,87852,1230
1136,116.1896251,39.64647925,18,54090,757
1137,116.2808837,39.86796106,25,74626,1045
1138,116.3721728,39.7774066,18,50812,711
1139,116.3200042,39.95845553,28,130304,1824
1140,116.5417702,39.86796106,7,46506,651
1141,116.2808837,39.91824252,18,101796,1425
1142,116.4765328,40.01875684,13,102248,1431
1143,116.2287318,40.26984011,18,25804,361
1145,115.9942008,39.58599345,24,14581,204
1146,116.6070145,39.91824252,35,48095,674
1147,116.1244622,40.19955779,25,27638,386
1148,116.1244622,39.64647925,12,16770,235
1149,116.3982601,40.05894688,25,79386,1111
1150,116.6592135,40.10917381,28,38964,546
1152,116.1896251,40.13930497,13,60102,841
1153,116.1374932,40.06899316,25,77508,1084
1154,116.1765909,40.04890012,28,61412,859
1156,116.4373946,40.16943283,19,48646,681
1157,116.2678448,40.07903898,25,114906,1609
1158,116.4113045,40.07903898,18,42962,601
1160,116.3591298,39.99865868,12,109037,1526
1161,116.1635576,39.89813205,22,42291,592
1162,116.1765909,39.87801878,12,71065,994
1163,116.8419182,40.20959886,24,30492,427
1165,116.3460874,39.62632165,29,33119,463
1166,116.150525,40.05894688,19,72481,1015
1167,116.2026599,39.67670784,9,54090,757
1168,116.5287221,39.82772264,25,61271,858
1169,116.150525,40.03885287,9,72481,1015
1170,116.6592135,39.81766108,2,40973,573
1171,116.3982601,39.81766108,6,57125,799
1172,116.0202456,40.06899316,18,18872,264
1174,116.2287318,40.11921792,19,60839,852
1175,116.3982601,40.26984011,19,24269,339
1176,116.5287221,39.86796106,19,81635,1142
1177,116.5417702,40.06899316,28,42140,590
1178,116.1244622,39.94840323,19,37271,522
1179,116.2939233,39.54564717,25,27638,386
1180,116.0853743,40.07903898,18,30712,429
1181,116.5287221,39.93835031,19,58375,817
1182,116.6070145,39.8579026,13,77771,1088
1183,116.5678672,39.88807577,12,49756,696
1184,116.5156743,40.24976058,12,54400,762
1185,116.6461635,39.83778341,25,40973,573
1186,116.4634864,39.97855828,21,90779,1270
1187,116.1896251,39.61624124,25,18860,264
1188,116.2548064,40.02880511,12,89671,1255
1189,116.1244622,39.92829675,24,47500,664
1190,116.2026599,40.13930497,8,60102,841
1191,116.2287318,40.21963965,36,46452,650
1192,116.4113045,40.13930497,12,52568,735
1193,116.7505658,40.21963965,19,36500,511
1196,116.2548064,39.87801878,24,84290,1180
1197,116.6331137,39.95845553,21,51152,716
1198,116.5417702,40.13930497,13,63944,895
1199,116.4765328,40.00870803,27,90668,1268
1200,116.6722636,39.97855828,18,79787,1117
1201,117.1159168,40.40034399,6,31135,435
1202,116.4634864,39.80759871,13,67031,938
1204,116.5809161,39.67670784,24,22237,310
1205,116.3591298,39.93835031,24,179752,2516
1206,116.3330455,40.16943283,9,38626,541
1207,116.1896251,40.2397205,24,39330,550
1208,116.6592135,39.98860877,21,57982,811
1209,116.3852162,39.84784339,73,68371,957
1210,116.3591298,39.86796106,25,80772,1130
1211,116.6722636,39.94840323,24,43044,602
1212,116.2417688,40.2397205,24,43627,610
1213,116.2548064,39.88807577,25,67709,948
1214,116.2026599,39.91824252,25,89580,1254
1215,116.0853743,40.55092642,25,24172,338
1218,116.6592135,40.09912929,12,39959,559
1219,116.8158178,40.53084713,10,18763,262
1220,116.3982601,39.64647925,12,28152,393
1221,116.0462943,39.97855828,17,28800,403
1222,116.5287221,39.7774066,13,30605,428
1223,116.620064,40.12926163,18,35953,502
1224,116.2678448,39.82772264,19,89119,1248
1225,116.9463134,40.27987959,9,28784,403
1227,116.2548064,39.9685072,9,74796,1047
1228,116.3069634,39.93835031,33,120986,1693
1229,116.828868,39.80759871,12,26650,373
1230,116.3330455,39.83778341,17,89160,1248
1231,116.5156743,39.66663267,18,22498,314
1234,116.2026599,40.2296802,12,32587,456
1235,116.3200042,39.9685072,12,151579,2121
1236,116.2939233,39.94840323,15,133054,1863
1237,116.5156743,39.79753552,39,32537,455
1238,116.5548186,40.02880511,41,91993,1288
1239,116.2678448,40.18951644,24,70296,984
1241,116.4895796,39.97855828,25,60464,846
1242,116.2939233,39.86796106,25,56309,788
1243,116.1896251,40.2296802,24,40560,567
1244,116.9071666,40.12926163,16,22175,310
1245,116.2026599,39.89813205,13,75364,1054
1246,116.5417702,39.68678201,49,28595,400
1247,116.2939233,39.72706891,17,41600,582
1249,116.3982601,39.78747148,16,37908,530
1250,116.2939233,40.03885287,33,79280,1109
1251,116.0984028,40.2296802,19,26144,366
1253,115.9681599,40.37022889,1,37697,528
1254,116.3591298,40.06899316,25,65195,912
1256,116.3460874,39.80759871,24,68021,952
1257,116.1896251,39.71699862,24,54090,757
1258,116.5156743,39.9685072,25,127612,1786
1259,116.5287221,39.83778341,11,51505,721
1260,116.8419182,40.34011337,9,32708,458
1262,116.1765909,40.11921792,24,88474,1238
1263,116.1765909,39.72706891,49,48722,682
1264,116.2287318,40.04890012,24,70630,988
1265,116.2417688,39.68678201,9,32590,456
1266,116.3460874,39.93835031,12,76154,1065
1267,116.2026599,39.9685072,34,72047,1008
1268,116.2417688,39.95845553,25,150112,2101
1269,116.7636163,40.37022889,18,17708,248
1272,116.0332695,40.47061306,27,24172,338
1274,116.150525,39.61624124,28,16770,235
1275,116.2026599,39.8579026,48,50611,708
1276,116.4504403,39.99865868,9,83785,1172
1277,116.5417702,39.74720669,8,41588,582
1278,116.4373946,39.78747148,12,46906,656
1280,116.4243493,40.14934794,19,30804,430
1281,116.3721728,39.91824252,19,197182,2760
1283,116.2417688,40.07903898,28,109042,1526
1284,116.4243493,39.95845553,19,89480,1252
1285,116.5939652,39.67670784,16,22237,310
1287,116.1765909,39.89813205,9,37538,525
1288,116.1374932,39.74720669,18,26612,372
1289,116.0984028,39.89813205,12,30781,430
1290,116.7636163,39.99865868,21,37021,518
1291,116.3591298,39.81766108,15,61919,866
1292,116.1896251,40.09912929,25,84848,1188
1296,115.955141,40.51076855,12,14978,210
1297,116.2417688,40.02880511,25,114893,1608
1298,116.1635576,40.18951644,16,29978,420
1301,116.4765328,39.89813205,12,83905,1174
1302,116.1635576,40.10917381,19,52151,729
1303,116.3460874,39.48509191,20,31934,447
1304,116.6331137,40.11921792,18,51364,718
1305,116.0072227,39.88807577,19,44677,625
1306,116.4243493,39.70692738,18,47128,660
1307,116.1765909,39.7774066,24,50670,709
1309,116.2939233,39.80759871,18,80226,1123
1310,116.4634864,39.82772264,36,50746,709
1311,116.8549682,40.38026729,6,30925,433
1312,116.4243493,39.97855828,29,116470,1630
1313,116.3200042,40.07903898,18,66614,932
1314,116.2417688,39.90818763,18,74596,1044
1316,116.4765328,39.91824252,22,87532,1226
1318,116.3982601,39.97855828,31,85865,1202
1319,116.7114145,39.76734085,12,30665,429
1320,116.2548064,40.24976058,16,48917,685
1321,116.4504403,40.00870803,14,106131,1486
1323,116.620064,40.13930497,18,36959,517
1324,116.2808837,39.69685518,10,32590,456
1327,116.4895796,39.89813205,19,103864,1454
1329,116.3852162,40.06899316,19,62119,870
1330,116.2156955,39.76734085,48,32162,450
1332,116.0462943,39.87801878,6,48655,681
1333,116.5156743,39.97855828,13,61841,865
1334,116.7375153,39.82772264,12,41310,578
1335,116.1374932,39.94840323,12,43175,604
1336,116.3330455,39.91824252,55,190495,2666
1338,116.5417702,39.91824252,16,56084,784
1339,116.5548186,40.20959886,18,54400,762
1340,116.8810677,40.08908436,18,22175,310
1341,116.3460874,39.75727422,18,38190,535
1346,116.5548186,40.07903898,24,25879,362
1347,116.3460874,40.08908436,15,65984,924
1348,116.2939233,40.01875684,13,106714,1494
1349,116.5156743,39.7774066,2,47358,663
1352,116.3721728,39.94840323,15,188969,2646
1354,116.1114321,39.9685072,24,27170,380
1355,116.4765328,39.99865868,31,142528,1995
1356,116.7505658,39.97855828,15,37021,518
1357,116.5417702,39.87801878,16,48494,679
1359,116.1765909,39.86796106,10,71065,994
1360,116.4243493,39.76734085,14,40945,573
1361,115.8510292,39.74720669,8,15468,216
1362,116.6461635,40.11921792,54,51119,715
1363,116.5678672,40.09912929,12,62053,868
1365,116.2548064,39.75727422,19,42368,592
1367,116.4243493,39.99865868,37,99950,1399
1368,116.7375153,40.09912929,21,26555,372
1370,116.8419182,40.40034399,25,26740,374
1371,116.1114321,39.94840323,3,30316,424
1372,116.3982601,40.17947479,11,25279,354
1373,116.4243493,40.07903898,16,48529,679
1374,116.2026599,40.08908436,16,68659,961
1375,116.6331137,40.13930497,30,41318,577
1377,116.0202456,40.13930497,38,27638,386
1378,116.6853138,39.88807577,16,49198,688
1379,116.2939233,39.78747148,1,40043,560
1380,116.6722636,40.27987959,32,34080,477
1381,116.2026599,39.94840323,25,63245,885
1382,116.8419182,40.25980045,19,13648,190
1384,116.6592135,39.90818763,21,48273,675
1385,116.2939233,40.00870803,2,101472,1420
1386,116.5156743,40.34011337,24,22456,314
1387,116.3591298,39.79753552,18,54280,759
1388,116.620064,39.65655647,38,25110,351
1389,116.3721728,40.09912929,24,37043,518
1391,116.6853138,39.9685072,15,43555,609
1392,116.2287318,39.65655647,24,32590,456
1393,116.6331137,39.83778341,15,17483,244
1394,116.5026268,39.99865868,15,150472,2107
1395,116.5026268,39.87801878,16,69888,978
1396,116.3330455,40.01875684,14,101986,1428
1398,116.828868,40.15939055,10,30492,427
1400,116.9593618,40.05894688,16,28274,396
1401,116.5548186,39.95845553,25,101869,1425
1402,115.9291064,39.67670784,19,30620,428
1403,116.620064,39.92829675,25,48180,674
1404,116.2548064,39.89813205,3,57678,807
1406,116.4373946,39.80759871,18,43130,603
1408,116.2026599,40.12926163,14,63824,893
1409,116.150525,39.74720669,16,32879,460
1413,116.5548186,40.38026729,16,25843,362
1414,116.620064,39.78747148,7,44964,630
1415,116.5156743,40.07903898,10,94102,1317
1416,116.6070145,40.04890012,25,42150,590
1417,116.3069634,39.7774066,16,33253,465
1418,116.4243493,39.80759871,36,45223,633
1419,116.3982601,40.07903898,18,48946,685
1420,116.5026268,39.67670784,13,23039,322
1421,116.4765328,39.79753552,36,64342,900
1422,115.9291064,40.19955779,24,22716,318
1423,116.2156955,39.78747148,15,42640,596
1424,116.3069634,40.09912929,15,83353,1166
1425,116.3330455,40.17947479,3,24150,338
1426,116.1765909,39.79753552,25,40726,570
1427,116.5287221,40.17947479,11,33690,471
1428,116.5809161,39.7774066,55,48415,678
1429,116.4373946,39.83778341,33,71924,1007
1430,116.4504403,39.82772264,14,83200,1165
1431,116.5809161,39.93835031,19,61981,867
1432,116.4634864,39.70692738,15,120149,1682
1435,116.0462943,39.79753552,13,20447,286
1436,116.1896251,40.17947479,3,29903,418
1437,116.4634864,39.76734085,17,78359,1096
1438,116.7505658,39.75727422,18,25256,354
1439,116.2678448,40.10917381,7,64939,909
1440,116.150525,39.92829675,12,54511,763
1441,116.6070145,40.09912929,30,23218,324
1442,116.3852162,39.81766108,21,54038,756
1443,116.2808837,40.02880511,16,108222,1515
1444,116.5026268,40.08908436,19,84748,1186
1445,116.2548064,39.86796106,22,64185,897
1446,116.0984028,40.10917381,16,58483,818
1447,116.2417688,40.00870803,18,114893,1608
1449,116.6722636,40.07903898,5,21397,300
1450,116.6461635,40.12926163,16,61201,856
1451,116.5156743,40.11921792,12,59994,840
1452,115.9421232,39.67670784,9,30620,428
1453,116.6331137,39.91824252,15,52115,729
1455,116.2939233,39.99865868,10,96746,1354
1456,116.3069634,39.87801878,16,83120,1164
1457,116.1244622,40.15939055,10,42740,598
1459,116.4113045,39.89813205,28,80342,1124
1460,116.2287318,40.06899316,18,71130,996
1461,116.3982601,39.82772264,41,62628,876
1462,116.5417702,39.92829675,14,58849,824
1463,116.6070145,39.86796106,10,77771,1088
1464,116.4765328,39.93835031,15,102268,1431
1465,116.2678448,39.83778341,7,48968,685
1466,116.4765328,39.81766108,12,42612,596
1467,116.2678448,39.73713826,14,41600,582
1468,116.5678672,40.04890012,12,120270,1683
1469,116.5939652,39.9685072,12,61322,858
1470,116.1244622,40.07903898,12,58483,818
1471,116.3200042,39.75727422,29,57839,809
1472,116.620064,39.87801878,14,73318,1026
1474,116.3982601,39.74720669,20,43141,604
1475,116.2156955,39.91824252,15,63396,888
1477,116.5287221,39.91824252,33,73142,1023
1478,116.4113045,39.66663267,14,28196,394
1479,116.4895796,40.2296802,17,36890,516
1480,116.6331137,40.29995806,13,30605,428
1482,115.955141,39.72706891,6,19766,277
1483,116.2417688,39.66663267,10,32590,456
1484,116.8941173,39.78747148,10,26650,373
1485,116.7375153,39.9685072,24,37021,518
1486,116.4765328,39.75727422,16,65191,913
1487,116.3200042,39.79753552,16,51626,722
1488,116.5678672,39.91824252,24,60737,850
1489,116.2417688,39.83778341,25,44786,627
1490,116.6983641,39.83778341,17,41310,578
1491,116.4243493,40.12926163,10,53550,750
1493,116.7114145,39.95845553,37,93660,1311
1495,116.2939233,39.57590861,24,54551,763
1496,116.5548186,40.09912929,8,47039,658
1497,116.0593201,40.16943283,7,27638,386
1498,116.1244622,40.12926163,12,58483,818
1499,116.2026599,40.15939055,12,65926,922
1500,116.3200042,39.81766108,55,54648,765
1501,116.3200042,40.25980045,15,47114,660
1502,116.5809161,40.18951644,5,33690,471
1503,116.1765909,40.01875684,5,70993,993
1505,116.3069634,39.67670784,9,24479,343
1506,116.6592135,39.61624124,3,32053,448
1507,116.5809161,39.95845553,13,61322,858
1508,116.7114145,40.19955779,12,34801,487
1509,116.8941173,40.38026729,15,20674,289
1510,116.3200042,39.91824252,14,120410,1686
1513,116.4113045,39.99865868,11,57360,802
1514,116.5156743,40.00870803,16,69892,978
1515,116.6461635,39.88807577,8,50003,699
1516,116.3330455,40.05894688,15,69648,975
1517,115.8250128,39.61624124,9,32831,459
1518,116.7114145,40.27987959,13,32054,448
1519,116.6722636,40.11921792,11,41252,577
1522,116.4895796,39.98860877,9,68845,963
1523,116.5287221,39.8579026,13,51505,721
1525,116.620064,40.36019045,9,36868,516
1526,116.3069634,39.84784339,28,83363,1167
1527,116.6592135,40.14934794,9,44578,624
1528,116.5548186,39.92829675,24,66198,926
1529,116.1896251,39.99865868,14,90464,1266
1530,116.3982601,40.15939055,17,58520,819
1531,116.4634864,39.93835031,12,100774,1411
1532,116.3982601,39.95845553,40,124782,1747
1533,116.5026268,39.88807577,12,68371,957
1534,116.2417688,40.14934794,15,56132,786
1536,116.2808837,39.83778341,21,63449,888
1537,116.5678672,40.15939055,16,33690,471
1538,116.4895796,39.67670784,16,23039,322
1541,116.3330455,39.86796106,9,84638,1184
1543,116.5026268,40.17947479,9,31126,435
1544,116.2156955,40.20959886,5,33754,472
1545,116.2156955,40.18951644,25,31339,439
1547,116.2678448,39.92829675,14,46642,652
1548,116.6331137,40.2397205,25,30312,424
1549,115.9160907,39.73713826,25,15468,216
1550,116.5548186,39.90818763,24,36592,512
1551,116.5026268,39.93835031,15,97718,1368
1552,116.3069634,39.59607716,15,54551,763
1553,116.1765909,39.76734085,4,47903,670
1554,116.5156743,39.93835031,27,115008,1610
1555,116.5417702,39.89813205,5,55708,780
1556,116.1896251,39.81766108,12,43987,615
1557,116.4634864,40.08908436,25,48745,682
1558,116.2548064,39.98860877,9,110323,1544
1559,116.6983641,39.89813205,14,69894,978
1560,116.3852162,40.13930497,16,55258,774
1561,116.3982601,39.93835031,30,191254,2677
1562,116.1114321,39.8579026,13,29245,409
1563,116.5939652,39.80759871,14,80605,1128
1564,116.3330455,39.74720669,16,42511,595
1565,116.0984028,40.48065176,17,24172,338
1566,116.3069634,39.90818763,24,121823,1705
1567,116.6331137,39.90818763,10,43160,604
1569,116.1635576,39.91824252,15,31696,444
1571,116.3069634,40.01875684,24,117460,1644
1572,116.6853138,39.91824252,16,41707,584
1573,116.6070145,39.99865868,20,66404,929
1574,116.5548186,39.75727422,5,34968,489
1575,116.3852162,40.02880511,10,102818,1440
1577,116.9985054,40.05894688,16,27736,388
1578,116.2548064,39.93835031,38,164788,2307
1579,116.3982601,39.72706891,12,32633,457
1580,116.3591298,39.69685518,9,28511,399
1581,116.7244649,39.84784339,14,41310,578
1582,116.7636163,39.92829675,12,37021,518
1584,115.9942008,39.76734085,3,15982,223
1585,116.3982601,40.13930497,15,40312,564
1586,116.4895796,40.16943283,9,36638,512
1587,116.4373946,39.90818763,12,89899,1258
1588,116.150525,39.69685518,10,52987,741
1589,116.0072227,39.70692738,3,23568,330
1590,116.3200042,39.74720669,14,49422,692
1592,116.5678672,40.25980045,13,20825,291
1594,115.9291064,40.41038233,12,13776,193
1595,116.3330455,39.81766108,6,54918,769
1597,116.1374932,39.88807577,11,54428,762
1598,116.0462943,39.71699862,12,25265,354
1599,116.2678448,40.03885287,10,106307,1488
1600,116.5156743,39.91824252,21,126404,1770
1602,116.4373946,39.76734085,40,47988,672
1603,116.4634864,39.84784339,54,55111,771
1604,116.2808837,40.10917381,14,93830,1314
1605,116.4895796,39.7774066,6,25280,354
1606,116.3591298,39.60615975,16,54551,763
1607,116.6722636,39.87801878,18,56481,790
1608,116.7897171,39.8579026,14,26650,373
1610,116.5809161,39.82772264,9,25255,354
1613,116.2287318,39.57590861,12,31079,435
1614,116.5678672,39.95845553,24,78976,1105
1616,116.2156955,40.13930497,15,65926,922
1617,116.4895796,39.93835031,27,164987,2309
1618,116.5026268,39.79753552,13,30864,432
1620,116.3852162,40.00870803,3,123809,1732
1621,116.1244622,40.06899316,15,58483,818
1622,116.2939233,39.9685072,44,196497,2751
1623,116.2678448,40.06899316,8,114906,1609
1624,116.5156743,39.98860877,15,61841,865
1626,116.5417702,40.2899189,17,20825,291
1628,116.7244649,39.98860877,12,37374,523
1629,116.4895796,40.00870803,54,87360,1222
1630,116.620064,40.05894688,15,35124,492
1631,116.1114321,39.93835031,29,47540,665
1632,116.3591298,39.84784339,24,73660,1030
1633,116.7766667,40.30999707,24,13648,190
1634,116.2417688,39.91824252,24,77418,1083
1635,116.2939233,39.90818763,12,90514,1267
1636,116.3200042,39.98860877,12,175030,2450
1637,116.0202456,39.97855828,14,15660,219
1638,116.3982601,39.94840323,23,129223,1809
1639,116.1765909,39.65655647,5,54090,757
1640,116.1635576,39.93835031,9,123193,1724
1641,115.9942008,39.8579026,12,36244,507
1642,116.3330455,39.90818763,17,160376,2244
1643,116.150525,40.17947479,17,40646,568
1644,116.2026599,39.80759871,6,32029,448
1645,116.3200042,39.7774066,2,48654,681
1646,116.4243493,39.83778341,9,83243,1165
1647,116.1244622,39.74720669,8,27793,388
1648,116.3460874,39.68678201,5,28511,399
1650,116.4634864,39.9685072,2,79158,1108
1651,116.4634864,40.13930497,10,62909,880
1652,116.3982601,39.91824252,53,136670,1913
1654,116.0984028,39.65655647,24,16770,235
1655,116.3982601,39.89813205,40,131647,1843
1656,116.4243493,40.03885287,15,68004,951
1657,116.3200042,40.10917381,15,52105,729
1659,116.6070145,40.18951644,16,36782,514
1660,116.4504403,39.91824252,24,115705,1620
1661,115.9811798,39.67670784,9,21068,295
1662,116.7636163,39.88807577,10,99046,1387
1663,116.2939233,39.66663267,3,24236,339
1664,116.2678448,39.71699862,8,34502,483
1665,116.7114145,40.12926163,9,32942,460
1666,116.3200042,39.90818763,37,143556,2009
1668,116.7244649,40.08908436,3,47594,666
1670,116.2548064,39.94840323,9,150112,2101
1671,116.1244622,39.8579026,9,29245,409
1673,116.4765328,40.04890012,15,84226,1179
1674,116.1635576,39.69685518,12,43609,610
1676,116.3069634,39.48509191,6,23483,328
1678,116.5156743,39.99865868,10,63823,894
1681,116.2287318,39.91824252,12,82135,1149
1682,116.3330455,39.71699862,3,44894,628
1684,116.5156743,40.14934794,12,63944,895
1685,116.4373946,40.13930497,15,53550,750
1686,116.4113045,40.06899316,17,51488,721
1687,116.5417702,39.88807577,12,55708,780
1690,116.2417688,39.82772264,3,48296,675
1691,116.4504403,39.59607716,24,23039,322
1692,116.1765909,40.32003595,3,59591,834
1694,116.5156743,39.74720669,8,44531,624
1696,116.6461635,39.82772264,14,40973,573
1697,116.3591298,39.88807577,36,133183,1864
1698,116.1374932,39.8579026,10,42118,589
1699,116.4113045,40.08908436,14,50411,705
1700,116.3982601,39.98860877,10,97196,1360
1704,116.4634864,39.95845553,9,30310,424
1705,116.2939233,39.8579026,9,82598,1156
1706,116.3330455,39.75727422,3,38705,542
1707,116.5026268,40.09912929,8,110772,1550
1708,116.6983641,40.17947479,8,47616,667
1709,116.2156955,40.11921792,9,63251,885
1710,116.0202456,40.35015195,17,14530,204
1711,116.1374932,39.81766108,12,49768,697
1712,116.4504403,39.98860877,12,86998,1218
1713,116.4765328,39.82772264,9,54211,758
1714,116.5026268,39.86796106,18,53566,750
1716,116.1896251,40.10917381,21,84848,1188
1717,116.4373946,40.20959886,26,34348,481
1718,116.2417688,40.15939055,9,56132,786
1720,116.1635576,39.79753552,12,60100,841
1721,116.4243493,39.79753552,12,47108,660
1723,116.8027675,40.17947479,10,28344,397
1725,116.3591298,39.75727422,9,38294,536
1726,116.2417688,40.06899316,36,109042,1526
1727,116.2287318,39.84784339,26,53692,751
1728,116.1765909,40.05894688,12,78218,1095
1729,116.0593201,39.75727422,16,22786,319
1730,116.6853138,40.10917381,16,45061,631
1732,116.3460874,39.73713826,5,37679,528
1733,116.1114321,39.71699862,8,34314,480
1734,116.3852162,39.91824252,23,182722,2558
1735,116.5678672,39.72706891,9,27108,379
1736,116.2287318,39.83778341,8,46181,646
1737,116.3200042,40.2397205,8,45008,630
1738,116.7375153,40.33007471,16,26147,366
1741,116.6461635,39.89813205,13,43745,612
1742,116.1765909,40.14934794,8,39634,554
1743,116.7375153,40.18951644,2,36500,511
1744,116.5287221,39.80759871,9,26081,364
1745,115.9942008,39.90818763,8,44677,625
1746,115.9942008,40.00870803,14,18872,264
1748,116.4504403,39.87801878,10,73019,1022
1749,116.7897171,40.32003595,9,13648,190
1750,116.2808837,39.87801878,10,68328,956
1751,116.5417702,39.95845553,14,81097,1135
1753,116.3460874,40.03885287,16,92916,1300
1754,116.2417688,39.88807577,16,64211,898
1756,116.4504403,39.97855828,14,109261,1530
1757,116.3852162,39.93835031,17,173744,2432
1759,116.2808837,39.97855828,5,126827,1776
1760,116.6592135,40.15939055,8,50039,700
1761,116.2548064,40.20959886,14,47672,667
1762,116.2678448,39.76734085,10,42368,592
1763,116.7897171,39.76734085,9,39278,549
1766,116.8158178,40.42042068,9,14186,199
1770,116.0202456,39.70692738,8,20292,284
1771,116.4895796,40.09912929,16,103945,1455
1772,116.3721728,40.00870803,17,161603,2262
1774,116.4895796,39.86796106,14,75712,1059
1776,116.6070145,39.83778341,14,21374,298
1779,116.3982601,40.11921792,12,41839,585
1780,116.2808837,39.9685072,32,189386,2651
1781,116.1635576,39.8579026,11,41885,586
1782,116.8941173,40.15939055,5,22175,310
1783,115.8900627,39.67670784,5,15468,216
1784,116.7897171,40.33007471,5,13648,190
1786,116.2287318,39.86796106,10,56675,793
1787,116.1114321,39.68678201,18,16770,235
1788,116.1896251,39.93835031,10,87768,1228
1791,116.6331137,39.86796106,33,48786,683
1793,116.2939233,39.98860877,9,137206,1921
1794,116.0984028,39.94840323,12,67538,945
1795,116.2939233,39.97855828,21,150881,2112
1796,116.620064,39.86796106,9,50370,705
1797,115.7209975,39.8579026,8,15468,216
1800,116.5809161,39.87801878,5,48032,672
1801,116.3460874,40.01875684,16,93751,1312
1802,116.3460874,39.78747148,9,43970,615
1803,116.5287221,39.75727422,8,40397,565
1804,116.2156955,39.90818763,8,70930,993
1805,116.0462943,40.32003595,8,14530,204
1806,116.5678672,39.7774066,9,24419,342
1807,116.4243493,39.64647925,21,28196,394
1808,116.2678448,40.00870803,9,153150,2144
1809,117.1028728,40.25980045,16,53531,750
1810,116.3591298,39.57590861,10,54551,763
1811,116.868018,39.76734085,9,26650,373
1812,116.6983641,39.74720669,9,30665,429
1813,116.5809161,39.90818763,16,53138,744
1815,116.3460874,39.95845553,16,116554,1632
1816,116.4243493,40.06899316,22,60755,850
1817,116.6461635,39.64647925,8,32053,448
1818,116.5156743,39.88807577,9,54845,768
1819,116.5809161,39.86796106,14,48032,672
1820,116.3069634,39.76734085,9,73102,1023
1822,116.3069634,40.10917381,9,70028,980
1824,116.4243493,39.9685072,5,88033,1232
1825,116.8419182,39.84784339,5,26650,373
1826,116.2808837,39.71699862,9,34502,483
1827,116.4113045,40.04890012,10,29148,408
1829,116.6983641,39.71699862,14,30665,429
1830,115.8770504,40.02880511,5,14778,206
1833,116.7244649,40.13930497,12,31435,440
1834,116.5548186,40.12926163,12,30181,422
1835,116.2026599,39.75727422,12,55880,782
1836,116.4895796,39.90818763,12,86268,1207
1837,116.1896251,39.60615975,12,18860,264
1838,116.3200042,39.99865868,12,79412,1111
1839,116.4634864,40.12926163,12,77675,1087
1840,116.4243493,40.10917381,12,86720,1214
1841,116.8810677,39.7774066,12,26650,373
1842,116.3982601,40.10917381,12,60724,849
1843,116.5156743,39.90818763,12,80309,1124
1844,116.3460874,39.88807577,12,128465,1798
1846,116.5809161,39.88807577,12,46051,644
1848,116.1896251,40.07903898,12,78218,1095
1849,116.5678672,39.70692738,12,27108,379
1850,116.2548064,39.81766108,12,89119,1248
1853,116.7897171,40.21963965,12,28344,397
1854,116.7505658,40.07903898,12,47594,666
1855,116.4373946,39.94840323,42,118043,1652
1856,116.5026268,40.00870803,12,67513,945
1857,116.5417702,39.76734085,12,39546,553
1858,116.0593201,40.19955779,12,27638,386
1860,116.2287318,39.87801878,12,63292,885
1861,116.0723467,39.93835031,12,42406,594
1862,116.828868,40.36019045,12,26492,370
1864,116.5809161,40.00870803,12,125318,1754
1865,115.7990013,39.55573548,12,32831,459
1866,116.5156743,39.69685518,12,28595,400
1867,116.4113045,40.03885287,12,52835,739
1868,116.2808837,39.67670784,12,23760,332
1870,116.8158178,40.44049747,12,29495,412
1871,116.3721728,39.79753552,12,47821,669
1872,116.4634864,39.98860877,12,77460,1084
1874,116.3330455,40.08908436,12,67672,948
1875,116.2678448,40.17947479,12,23501,328
1876,116.2026599,40.09912929,12,68659,961
1878,116.5809161,40.10917381,12,21596,302
1880,116.3200042,39.80759871,12,56082,784
1881,116.620064,40.37022889,12,37814,529
1883,116.8158178,39.86796106,12,26650,373
1884,116.4634864,40.01875684,12,105478,1477
1886,116.3721728,39.84784339,12,64303,900
1888,116.2808837,39.89813205,12,71706,1004
1889,116.0853743,39.87801878,12,23516,328
1890,116.6461635,39.8579026,12,46999,657
1891,116.5939652,40.03885287,12,38189,535
1893,116.2678448,40.12926163,12,41689,583
1895,116.3721728,39.75727422,12,36064,505
1896,116.4504403,39.90818763,12,88777,1243
1897,116.5809161,39.91824252,12,61100,855
1898,116.3200042,39.93835031,12,81430,1140
1899,116.8158178,39.68678201,12,39278,549
1900,116.3200042,40.06899316,12,65812,921
1902,116.6070145,40.03885287,12,42766,598
1903,116.3721728,40.01875684,12,138335,1936
1906,116.0853743,40.53084713,12,24172,338
1907,116.3200042,40.11921792,12,70028,980
1909,116.8419182,39.79753552,12,26650,373
1911,116.4895796,39.8579026,12,72344,1012
1912,116.5939652,39.90818763,12,52910,740
1913,116.3460874,40.09912929,12,73447,1028
1914,116.5156743,39.84784339,12,54245,759
1915,116.7375153,39.89813205,12,141301,1978
1916,116.6592135,40.02880511,12,31979,447
1918,116.3200042,39.84784339,12,64116,897
1921,116.3069634,40.06899316,12,46168,646
1922,116.4243493,40.05894688,12,141366,1978
1923,116.1374932,40.09912929,12,52151,729
1924,116.6722636,39.8579026,12,59602,834
1925,116.7244649,39.71699862,12,30665,429
1927,116.8810677,39.69685518,12,26650,373
1928,116.2287318,39.89813205,12,65838,921
1929,116.0853743,39.9685072,12,33598,470
1932,116.828868,40.34011337,12,28271,396
1933,116.6331137,40.10917381,12,47188,661
1934,116.8419182,39.7774066,12,26650,373
1935,116.5156743,39.89813205,12,52781,739
1937,116.6592135,39.87801878,12,47435,663
1939,116.4113045,40.00870803,12,96704,1353
1940,116.3069634,39.89813205,12,115957,1623
1941,116.4895796,39.88807577,12,103078,1443
1942,116.4765328,40.10917381,12,74736,1046
1943,116.6461635,40.15939055,12,32248,451
1945,116.620064,39.88807577,12,46830,655
1946,116.4243493,39.84784339,12,58283,816
1951,116.2287318,40.00870803,12,121630,1702
1953,116.6983641,39.80759871,12,41310,578
1955,116.6853138,39.87801878,12,19512,273
1958,116.2548064,40.13930497,12,33174,464
1960,116.6331137,39.89813205,12,44041,616
1961,116.4895796,39.92829675,12,78598,1100
1962,116.2678448,39.97855828,12,130217,1822
1963,116.828868,40.45053593,12,24112,337
1964,116.5026268,39.71699862,12,45354,634
1965,116.0332695,39.93835031,12,32047,448
1967,116.5156743,39.76734085,12,47358,663
1968,116.3200042,39.82772264,12,53056,742
1969,116.1374932,39.73713826,12,34354,481
1972,116.0984028,39.90818763,12,52230,730
1973,115.9681599,39.71699862,12,22062,308
1974,116.3721728,39.8579026,12,64165,898
1975,116.2417688,39.9685072,12,72799,1018
1978,116.3330455,39.70692738,12,34120,477
1980,116.4373946,40.03885287,12,112086,1569
1981,116.4113045,39.91824252,30,210354,2944
1982,116.2417688,39.81766108,12,48296,675
1983,116.2678448,39.91824252,12,107404,1503
1985,117.1159168,40.29995806,24,27476,385
1987,116.7636163,40.19955779,24,36500,511
1988,117.063738,40.15939055,24,53531,750
1989,116.150525,39.75727422,24,38347,536
1990,116.3982601,40.08908436,24,42962,601
1993,116.4634864,40.05894688,24,84226,1179
1994,116.3330455,39.93835031,24,147206,2060
1997,116.3460874,40.00870803,24,31267,438
1998,116.5548186,39.81766108,24,13974,195
