RFs-ID,x-coordinate,y-coordinate,House-price,House-rent,capacity
1965, 116.0332695, 39.93835031, 31727, 448, 12
338, 116.6983641, 40.07903898, 40738, 576, 8
782, 115.5651406, 39.79753552, 15008, 216, 12
557, 116.0332695, 40.42042068, 27387, 394, 9
1455, 116.2939233, 39.99865868, 95779, 1354, 1
230, 116.9985054, 40.27987959, 52466, 750, 2
1751, 116.5417702, 39.95845553, 81097, 1135, -8
1532, 116.3982601, 39.95845553, 124782, 1747, 6
1776, 116.6070145, 39.83778341, 20739, 298, 12
28, 115.5911019, 39.63640098, 32831, 459, 3
228, 116.5548186, 40.32003595, 22231, 314, 8
1735, 116.5678672, 39.72706891, 27108, 379, -2
593, 116.6592135, 39.86796106, 44035, 628, 5
1870, 116.8158178, 40.44049747, 28908, 412, 12
750, 116.620064, 40.30999707, 34509, 498, 16
253, 116.4243493, 39.86796106, 77759, 1088, 2
727, 116.3721728, 39.86796106, 68212, 955, -19
31, 117.2202502, 40.63125283, 43048, 614, 5
771, 115.7209975, 39.97855828, 14778, 206, -5
1875, 116.2678448, 40.17947479, 22803, 328, 12
363, 116.5026268, 39.75727422, 75070, 1050, 17
1969, 116.1374932, 39.73713826, 33333, 481, 12
371, 115.9942008, 40.45053593, 36449, 516, 12
76, 116.0593201, 39.78747148, 24438, 352, 3
319, 116.5026268, 39.78747148, 34238, 494, 14
1728, 116.1765909, 40.05894688, 78218, 1095, 10
1779, 116.3982601, 40.11921792, 40597, 585, 12
1998, 116.5548186, 39.81766108, 13559, 195, 0
311, 115.8770504, 40.47061306, 25327, 354, -8
1961, 116.4895796, 39.92829675, 78598, 1100, 8
128, 116.3460874, 40.10917381, 73447, 1028, 28
183, 117.1028728, 40.53084713, 30211, 435, 11
232, 116.7897171, 40.08908436, 30586, 432, 27
355, 116.1114321, 39.88807577, 27772, 400, 9
101, 116.150525, 39.81766108, 54653, 765, 0
476, 116.2678448, 40.2397205, 47684, 687, 7
959, 116.2678448, 39.84784339, 64448, 902, -14
1298, 116.1635576, 40.18951644, 29087, 420, 11
1425, 116.3330455, 40.17947479, 23670, 338, 3
658, 116.5287221, 39.94840323, 87117, 1219, 19
1176, 116.5287221, 39.86796106, 81635, 1142, 0
1682, 116.3330455, 39.71699862, 44894, 628, -5
568, 116.1244622, 39.89813205, 28211, 406, 12
734, 116.3460874, 39.87801878, 125779, 1760, -24
933, 116.1114321, 39.91824252, 34612, 499, 18
21, 116.3200042, 39.76734085, 66001, 924, 4
131, 116.1896251, 40.03885287, 70993, 993, 8
1497, 116.0593201, 40.16943283, 27638, 386, -7
844, 116.6331137, 39.87801878, 40700, 580, 17
289, 116.0984028, 39.76734085, 59705, 836, 17
1770, 116.0202456, 39.70692738, 20292, 284, -8
1853, 116.7897171, 40.21963965, 27502, 385.09, 6
611, 116.1635576, 39.7774066, 33989, 481, 19
229, 116.4765328, 39.72706891, 120149, 1682, 0
1015, 116.3852162, 40.09912929, 79896, 1118, 0
1507, 116.5809161, 39.95845553, 61322, 858, -7
1527, 116.6592135, 40.14934794, 43691, 624, 2
1274, 116.150525, 39.61624124, 16272, 235, 20
1094, 116.7505658, 40.2899189, 26147, 366, 0
1370, 116.8419182, 40.40034399, 26473, 374, 15
83, 115.5132369, 39.76734085, 15008, 216, 3
1884, 116.4634864, 40.01875684, 105478, 1477, 1
1141, 116.2808837, 39.91824252, 101796, 1425, 0
8, 116.3200042, 39.66663267, 34705, 501, 26
33, 115.9942008, 40.47061306, 26771, 386, 5
357, 116.5548186, 39.73713826, 26303, 379, 9
1878, 116.5809161, 40.10917381, 21380, 302, 12
636, 115.9811798, 40.03885287, 18683, 264, 10
1714, 116.5026268, 39.86796106, 51975, 750, 6
868, 116.4243493, 39.89813205, 135804, 1901, 48
203, 116.5678672, 39.90818763, 72113, 1009, 13
408, 116.7244649, 39.75727422, 30054, 429, 3
122, 116.5548186, 39.94840323, 59054, 826, 19
1120, 116.4895796, 39.73713826, 120149, 1682, 0
492, 116.2939233, 40.20959886, 53610, 774, 12
671, 116.6592135, 40.19955779, 47597, 680, 23
1932, 116.828868, 40.34011337, 27708, 396, 12
1704, 116.4634864, 39.95845553, 30310, 424, 9
1897, 116.5809161, 39.91824252, 60489, 855, 0
374, 116.1765909, 39.98860877, 172794, 2419, -8
708, 116.0593201, 39.64647925, 17582, 246, -22
1690, 116.2417688, 39.82772264, 47813, 675, 3
947, 116.5287221, 40.01875684, 100999, 1413, 1
359, 116.2548064, 40.29995806, 59591, 834, -4
1827, 116.4113045, 40.04890012, 29148, 408, -4
904, 116.4895796, 40.03885287, 145226, 2032, 0
1819, 116.5809161, 39.86796106, 46605, 672, 12
1069, 116.1244622, 40.24976058, 26308, 379, 16
1332, 116.0462943, 39.87801878, 48655, 681, -16
515, 116.7766667, 40.32003595, 17356, 248, 7
998, 116.2678448, 40.08908436, 114906, 1609, 12
1534, 116.2417688, 40.14934794, 55571, 786, 11
1435, 116.0462943, 39.79753552, 20041, 286, 5
914, 116.7636163, 40.33007471, 17708, 248, -4
256, 116.0984028, 39.92829675, 36446, 514, 16
438, 116.7897171, 39.74720669, 38496, 549, 3
811, 116.2548064, 39.8579026, 66337, 928, 4
857, 116.3460874, 40.12926163, 62418, 873, -4
1381, 116.2026599, 39.94840323, 63245, 885, 17
817, 116.0332695, 39.99865868, 18311, 264, 4
377, 116.3591298, 40.00870803, 93951, 1328, 15
1414, 116.620064, 39.78747148, 44514, 630, 1
1219, 116.8158178, 40.53084713, 18763, 262, -2
1398, 116.828868, 40.15939055, 30492, 427, -2
1220, 116.3982601, 39.64647925, 28152, 393, -15
1516, 116.3330455, 40.05894688, 69648, 975, 14
786, 116.3591298, 40.03885287, 83899, 1174, -15
974, 116.1635576, 40.02880511, 65754, 920, 55
378, 116.5939652, 39.87801878, 47322, 675, 34
90, 116.4113045, 40.05894688, 45116, 631, 10
308, 116.6461635, 40.63125283, 19475, 280, 14
127, 116.9071666, 40.46057445, 13543, 189, 0
541, 116.0593201, 39.71699862, 19756, 285, 75
759, 116.5287221, 40.05894688, 102298, 1431, 14
945, 116.4243493, 40.04890012, 111343, 1558, 24
960, 116.0332695, 39.67670784, 22640, 324, 1
1564, 116.3330455, 39.74720669, 42511, 595, -14
246, 116.1374932, 39.75727422, 29361, 420, 25
336, 116.2548064, 40.15939055, 62448, 874, -1
588, 116.2808837, 40.20959886, 28672, 402, -10
1754, 116.2417688, 39.88807577, 64211, 898, -3
1784, 116.7897171, 40.33007471, 13648, 190, 0
448, 116.6070145, 40.2296802, 29412, 424, 8
657, 116.3069634, 40.14934794, 71989, 1017, 10
812, 116.2548064, 40.16943283, 53202, 767, 46
1471, 116.3200042, 39.75727422, 57839, 809, -9
71, 116.6853138, 39.73713826, 30054, 429, 15
199, 116.2548064, 39.59607716, 30155, 435, 10
1818, 116.5156743, 39.88807577, 54845, 768, -6
682, 116.2417688, 40.20959886, 26880, 384, 20
700, 116.0332695, 39.82772264, 24438, 352, 22
69, 116.2287318, 40.54088668, 21216, 300, 23
163, 116.2808837, 39.99865868, 140187, 1962, -10
1171, 116.3982601, 39.81766108, 55428, 799, 4
1277, 116.5417702, 39.74720669, 41588, 582, -3
458, 116.5026268, 40.19955779, 30202, 435, 17
281, 116.620064, 40.26984011, 28079, 405, 29
1323, 116.620064, 40.13930497, 36223, 517, 2
1474, 116.3982601, 39.74720669, 41860, 604, 13
1848, 116.1896251, 40.07903898, 78218, 1095, 12
1123, 116.8158178, 40.33007471, 13512, 190, 0
126, 116.7897171, 39.79753552, 21117, 301, 18
1573, 116.6070145, 39.99865868, 66404, 929, -10
1692, 116.1765909, 40.32003595, 59591, 834, -14
110, 116.620064, 40.01875684, 43659, 624, 1
1363, 116.5678672, 40.09912929, 61432, 868, 11
296, 116.4895796, 39.91824252, 83134, 1164, -9
342, 116.6853138, 40.33007471, 25108, 355, 10
755, 116.6592135, 40.36019045, 28794, 415, 12
795, 116.3982601, 40.03885287, 75218, 1052, 25
1008, 116.8419182, 39.72706891, 25859, 373, 47
1982, 116.2417688, 39.81766108, 46862, 675, 12
772, 116.5809161, 40.06899316, 43777, 625, 18
1075, 116.0984028, 40.00870803, 26009, 368, 24
1685, 116.4373946, 40.13930497, 51960, 750, 6
1626, 116.5417702, 40.2899189, 20825, 291, -2
117, 116.5287221, 39.64647925, 21830, 314, 51
1927, 116.8810677, 39.69685518, 25859, 373, 12
303, 116.6853138, 39.79753552, 39755, 573, 29
1354, 116.1114321, 39.9685072, 26629, 380, 22
1231, 116.5156743, 39.66663267, 22273, 314, 11
1073, 116.0853743, 39.89813205, 26225, 367, 0
267, 115.7990013, 39.88807577, 14778, 206, 29
1301, 116.4765328, 39.89813205, 83905, 1174, 5
581, 116.5678672, 40.44049747, 25076, 351.14, 8
801, 116.9985054, 40.06899316, 27466, 384, 2
590, 116.4634864, 39.61624124, 22355, 322, 13
1925, 116.7244649, 39.71699862, 29753, 429, 12
40, 116.6070145, 39.62632165, 28376, 409, 21
635, 116.8158178, 40.13930497, 28345, 409, 16
668, 115.7729948, 39.61624124, 32503, 459, 31
1361, 115.8510292, 39.74720669, 15468, 216, -16
992, 116.8158178, 39.75727422, 21588, 302, 0
208, 116.9202158, 40.17947479, 21733, 310, 13
931, 116.5417702, 40.05894688, 136212, 1906, 0
1096, 116.4895796, 40.12926163, 70829, 1012, 23
236, 116.6461635, 40.13930497, 40666, 586, 12
307, 117.063738, 40.16943283, 52466, 750, 9
1288, 116.1374932, 39.74720669, 25822, 372, 4
1362, 116.6461635, 40.11921792, 50608, 715, 52
612, 117.063738, 40.19955779, 52466, 750, 25
1645, 116.3200042, 39.7774066, 48654, 681, -5
332, 116.2808837, 39.62632165, 18299, 264, 22
1668, 116.7244649, 40.08908436, 47594, 666, -5
624, 116.7766667, 39.90818763, 35921, 518, 5
692, 116.6853138, 40.24976058, 35031, 505, 10
334, 116.1896251, 40.21963965, 38692, 552, 6
1608, 116.7897171, 39.8579026, 26650, 373, -1
1809, 117.1028728, 40.25980045, 53531, 750, -25
1022, 116.0853743, 39.80759871, 29054, 406, -21
722, 116.8549682, 40.37022889, 29599, 413, 22
1117, 116.620064, 39.90818763, 41803, 585, -1
493, 116.2939233, 39.92829675, 154038, 2156, 26
1365, 116.2548064, 39.75727422, 41110, 592, 11
286, 116.5809161, 39.68678201, 21577, 310, 20
1330, 116.2156955, 39.76734085, 32162, 450, -1
547, 116.6592135, 39.80759871, 40973, 573, -13
1890, 116.6461635, 39.8579026, 45603, 657, 12
16, 116.1896251, 39.66663267, 53014, 757, 17
271, 117.1550459, 40.12926163, 16846, 241, 4
1482, 115.955141, 39.72706891, 19766, 277, -15
1161, 116.1635576, 39.89813205, 41035, 592, 15
1373, 116.4243493, 40.07903898, 48529, 679, -3
683, 116.4243493, 39.87801878, 124014, 1735, 35
1864, 116.5809161, 40.00870803, 125318, 1754, 3
1943, 116.6461635, 40.15939055, 32248, 451, 12
652, 116.6983641, 39.84784339, 40488, 578, 18
1924, 116.6722636, 39.8579026, 59602, 834, 10
429, 116.4765328, 39.8579026, 51379, 741, 20
1705, 116.2939233, 39.8579026, 82598, 1156, -2
383, 116.4113045, 39.95845553, 118832, 1663, 77
1039, 116.5548186, 40.19955779, 32689, 471, 26
1895, 116.3721728, 39.75727422, 34993, 505, 12
466, 116.5678672, 39.97855828, 101869, 1425, 2
19, 116.5678672, 39.79753552, 38255, 546, 37
1536, 116.2808837, 39.83778341, 63449, 888, 1
1698, 116.1374932, 39.8579026, 42118, 589, -2
1498, 116.1244622, 40.12926163, 58483, 818, -1
694, 116.3200042, 39.86796106, 78735, 1102, 0
850, 117.0376461, 40.13930497, 29263, 422, 2
1623, 116.2678448, 40.06899316, 114906, 1609, 1
679, 116.3330455, 39.89813205, 145661, 2039, -3
1212, 116.2417688, 40.2397205, 42331, 610, 14
1012, 116.1635576, 40.06899316, 78054, 1092, 7
899, 116.5678672, 39.93835031, 92039, 1288, 6
1457, 116.1244622, 40.15939055, 42740, 598, -6
1478, 116.4113045, 39.66663267, 27635, 394, 7
587, 116.0202456, 39.91824252, 43350, 625, 12
1461, 116.3982601, 39.82772264, 62628, 876, -9
188, 116.6070145, 39.97855828, 60709, 858, 17
508, 116.5809161, 40.05894688, 40837, 577, 8
1518, 116.7114145, 40.27987959, 31733, 448, 7
1913, 116.3460874, 40.09912929, 73447, 1028, 11
37, 116.2026599, 39.82772264, 32631, 470, 1
621, 116.0984028, 39.84784339, 25773, 368, 14
1002, 116.3200042, 40.08908436, 54462, 762, -6
1834, 116.5548186, 40.12926163, 29284, 422, 12
1874, 116.3330455, 40.08908436, 67672, 948, 12
1641, 115.9942008, 39.8579026, 36244, 507, -1
68, 116.3069634, 40.05894688, 117652, 1647, 0
149, 116.5809161, 40.54088668, 25843, 362, -1
1276, 116.4504403, 39.99865868, 83785, 1172, -6
1654, 116.0984028, 39.65655647, 16436, 235, 9
1258, 116.5156743, 39.9685072, 127612, 1786, 17
911, 116.3330455, 39.76734085, 65075, 910, 10
1026, 116.4504403, 39.55573548, 35791, 516, 8
1424, 116.3069634, 40.09912929, 83353, 1166, -3
797, 116.2548064, 39.99865868, 100918, 1412, 6
402, 116.3330455, 39.97855828, 130950, 1833, 22
1023, 116.3460874, 39.65655647, 30084, 426, 26
1488, 116.5678672, 39.91824252, 60130, 850, 0
150, 116.6461635, 39.74720669, 31708, 452, 5
38, 116.7114145, 40.15939055, 31964, 460, 22
1082, 116.1114321, 39.73713826, 23695, 338, 20
869, 116.2678448, 39.88807577, 121538, 1701, 3
530, 116.3721728, 40.06899316, 94646, 1324, 0
48, 116.9593618, 40.09912929, 22175, 310, -12
1129, 116.2808837, 40.2296802, 49848, 698, -3
1324, 116.2808837, 39.69685518, 32264, 456, 2
1378, 116.6853138, 39.88807577, 47737, 688, 6
250, 116.4765328, 39.92829675, 91531, 1281, 14
1199, 116.4765328, 40.00870803, 90668, 1268, 2
1921, 116.3069634, 40.06899316, 45706, 646, 12
1447, 116.2417688, 40.00870803, 114893, 1608, 10
829, 116.0593201, 39.98860877, 27927, 398, 12
193, 116.2156955, 40.16943283, 55015, 786, 14
1691, 116.4504403, 39.59607716, 22809, 322, 21
569, 116.150525, 40.13930497, 38458, 554, 17
686, 116.5287221, 39.73713826, 45354, 634, -2
340, 116.3330455, 39.78747148, 46167, 666, 26
872, 116.0202456, 39.60615975, 15257, 213, -1
1262, 116.1765909, 40.11921792, 88474, 1238, 1
728, 116.4113045, 39.90818763, 143145, 2004, 76
1338, 116.5417702, 39.91824252, 56084, 784, -6
1665, 116.7114145, 40.12926163, 32942, 460, -10
986, 116.3591298, 39.87801878, 139162, 1948, 10
742, 116.3982601, 39.84784339, 58638, 829, 5
13, 116.5678672, 40.05894688, 40470, 584, 27
393, 116.2808837, 40.18951644, 48514, 686, 12
1278, 116.4373946, 39.78747148, 46906, 656, -2
1018, 116.2678448, 40.04890012, 105916, 1483, 3
85, 116.2026599, 40.10917381, 85424, 1196, 0
921, 116.3069634, 39.73713826, 42271, 591, 1
1230, 116.3330455, 39.83778341, 89160, 1248, 9
1862, 116.828868, 40.36019045, 26227, 370, 12
1942, 116.4765328, 40.10917381, 73989, 1046, 11
1443, 116.2808837, 40.02880511, 108222, 1515, -10
629, 116.5156743, 40.12926163, 62067, 869, -2
615, 116.5287221, 39.81766108, 77600, 1086, 6
409, 116.3200042, 40.01875684, 147096, 2059, 16
327, 116.6461635, 39.78747148, 40563, 573, 23
1797, 115.7209975, 39.8579026, 15468, 216, -4
140, 116.2156955, 39.86796106, 49604, 708, 52
180, 116.828868, 40.38026729, 32556, 460, 1
785, 116.150525, 39.7774066, 35209, 507, 26
1670, 116.2548064, 39.94840323, 150112, 2101, 0
89, 116.868018, 40.35015195, 28784, 403, 11
573, 116.1896251, 40.14934794, 59501, 841, 29
24, 116.4113045, 39.92829675, 137882, 1930, 0
958, 116.1114321, 39.7774066, 47036, 658, 19
314, 116.1374932, 40.2296802, 36897, 522, 21
1056, 116.4765328, 40.03885287, 145226, 2032, 10
1109, 116.4895796, 39.84784339, 60570, 856, 0
653, 116.3721728, 39.66663267, 16659, 237, 9
1336, 116.3330455, 39.91824252, 188590, 2666, 42
556, 116.7375153, 39.7774066, 24505, 354, 9
337, 116.620064, 39.91824252, 36971, 534, 17
650, 116.2808837, 40.04890012, 100326, 1404, 9
1431, 116.5809161, 39.93835031, 61361, 867, 7
1459, 116.4113045, 39.89813205, 80342, 1124, 3
1138, 116.3721728, 39.7774066, 49801, 711, 10
1602, 116.4373946, 39.76734085, 47988, 672, 34
1349, 116.5156743, 39.7774066, 47358, 663, -1
1196, 116.2548064, 39.87801878, 83447, 1180, 10
91, 116.2548064, 39.74720669, 48336, 676, 0
1533, 116.5026268, 39.88807577, 68371, 957, -14
1028, 116.6461635, 40.17947479, 33725, 487, 16
1333, 116.5156743, 39.97855828, 61841, 865, 5
925, 116.3069634, 39.80759871, 81966, 1147, 1
1955, 116.6853138, 39.87801878, 19317, 264.81, 7
96, 116.5287221, 40.10917381, 65204, 921, 43
7, 116.6331137, 40.35015195, 35503, 496, 1
367, 116.3852162, 39.75727422, 39055, 564, 14
1671, 116.1244622, 39.8579026, 28663, 409, 6
1964, 116.5026268, 39.71699862, 44451, 634, 12
45, 117.063738, 40.10917381, 30584, 432, 6
1267, 116.2026599, 39.9685072, 72047, 1008, 0
1210, 116.3591298, 39.86796106, 79964, 1130, 16
1708, 116.6983641, 40.17947479, 47616, 667, -1
430, 116.1765909, 40.41038233, 58995, 834, 15
280, 116.8419182, 40.36019045, 30115, 426, 48
212, 116.0332695, 39.58599345, 21074, 301, 6
1313, 116.3200042, 40.07903898, 66614, 932, 16
1100, 116.2939233, 39.62632165, 35642, 514, 8
5, 116.1244622, 39.79753552, 44094, 624, 52
1549, 115.9160907, 39.73713826, 15468, 216, -1
272, 116.2939233, 39.69685518, 35150, 501, 23
1551, 116.5026268, 39.93835031, 96741, 1368, 0
1503, 116.1765909, 40.01875684, 70993, 993, -3
323, 116.6331137, 40.20959886, 29709, 424, 28
460, 116.4373946, 40.35015195, 25329, 362, 8
309, 115.955141, 39.58599345, 13692, 195, 0
1729, 116.0593201, 39.75727422, 22558, 319, 10
241, 116.2808837, 40.12926163, 39156, 565, 7
1246, 116.5417702, 39.68678201, 27746, 400, 46
1696, 116.6461635, 39.82772264, 40973, 573, 12
1377, 116.0202456, 40.13930497, 26817, 386, 32
1586, 116.4895796, 40.16943283, 36638, 512, -26
1766, 116.8158178, 40.42042068, 14044, 199, 2
1684, 116.5156743, 40.14934794, 63305, 895, 6
1391, 116.6853138, 39.9685072, 42261, 609, 4
1554, 116.5156743, 39.93835031, 115008, 1610, 0
1189, 116.1244622, 39.92829675, 46089, 664, 17
548, 116.2548064, 40.07903898, 114906, 1609, 11
1172, 116.0202456, 40.06899316, 18311, 264, 18
1788, 116.1896251, 39.93835031, 87768, 1228, 1
1826, 116.2808837, 39.71699862, 33477, 483, 4
1229, 116.828868, 39.80759871, 25859, 373, 9
301, 116.3591298, 39.91824252, 247826, 3469, 2
824, 116.4504403, 39.9685072, 143248, 2005, -9
784, 116.6461635, 40.01875684, 26322, 379, 6
1470, 116.1244622, 40.07903898, 58483, 818, 10
523, 116.3460874, 39.92829675, 185875, 2602, 2
897, 116.2026599, 39.95845553, 213599, 2990, 15
1808, 116.2678448, 40.00870803, 151619, 2144, 0
169, 116.4504403, 40.01875684, 114397, 1601, 15
434, 115.9421232, 39.74720669, 13086, 183, 0
875, 116.3591298, 40.08908436, 52738, 738, -8
269, 116.6722636, 39.84784339, 51814, 724, -9
740, 116.8941173, 40.04890012, 27711, 396, 9
1485, 116.7375153, 39.9685072, 36284, 518, 14
827, 116.2678448, 39.75727422, 41525, 592, 10
528, 116.5417702, 40.14934794, 45719, 646, 6
1987, 116.7636163, 40.19955779, 35416, 495.66999999999996, 24
1793, 116.2939233, 39.98860877, 137206, 1921, 1
928, 116.2678448, 39.99865868, 106859, 1510, 15
435, 116.1374932, 39.72706891, 26414, 376, 3
453, 116.2678448, 39.93835031, 116168, 1642, 16
535, 116.3460874, 39.70692738, 28226, 399, 3
1146, 116.6070145, 39.91824252, 48095, 674, 2
681, 116.6853138, 40.20959886, 49500, 699, 25
932, 116.3200042, 39.63640098, 18262, 260, 22
1710, 116.0202456, 40.35015195, 14385, 204, 7
175, 116.1765909, 40.20959886, 40560, 567, -9
1158, 116.4113045, 40.07903898, 41686, 601, 11
879, 116.620064, 39.83778341, 20739, 298, 12
316, 116.5156743, 40.08908436, 60670, 866, 8
330, 116.8027675, 40.15939055, 28061, 397, 14
1985, 117.1159168, 40.29995806, 27201, 385, 24
1312, 116.4243493, 39.97855828, 116470, 1630, 2
306, 116.2156955, 39.79753552, 61451, 860, 12
1836, 116.4895796, 39.90818763, 86268, 1207, 1
1774, 116.4895796, 39.86796106, 75712, 1059, 0
1145, 115.9942008, 39.58599345, 14291, 204, 24
1989, 116.150525, 39.75727422, 37964, 536, 24
1367, 116.4243493, 39.99865868, 99950, 1399, 24
600, 116.1244622, 39.60615975, 16272, 235, 22
273, 115.8640392, 40.11921792, 18496, 264, 27
502, 116.3852162, 40.12926163, 54158, 774, 10
531, 116.0593201, 39.92829675, 31727, 448, 25
243, 116.2287318, 40.07903898, 71130, 996, 6
909, 116.3200042, 39.73713826, 49700, 717, 18
677, 116.5809161, 39.81766108, 72799, 1018, 0
1318, 116.3982601, 39.97855828, 85865, 1202, -24
948, 116.1244622, 39.72706891, 31849, 454, 13
1500, 116.3200042, 39.81766108, 53025, 765, 45
985, 116.3330455, 39.9685072, 120174, 1699, 1
353, 116.2287318, 39.88807577, 46681, 654, 31
1251, 116.0984028, 40.2296802, 25368, 366, 18
153, 115.9942008, 39.59607716, 14581, 204, -13
1133, 116.6853138, 40.05894688, 41149, 576, -6
610, 116.5026268, 39.73713826, 68085, 962, 1
1078, 116.97241, 40.13930497, 29559, 422, 22
470, 116.1244622, 39.86796106, 28376, 409, 5
1469, 116.5939652, 39.9685072, 60709, 858, 11
1445, 116.2548064, 39.86796106, 64185, 897, -10
1973, 115.9681599, 39.71699862, 21407, 308, 12
1509, 116.8941173, 40.38026729, 20059, 289, 6
1446, 116.0984028, 40.10917381, 58483, 818, 7
641, 116.5026268, 39.83778341, 50224, 710, 29
108, 116.3852162, 39.79753552, 44634, 637, 11
380, 116.5156743, 40.21963965, 26858, 387, 30
1404, 116.2548064, 39.89813205, 57678, 807, -16
1538, 116.4895796, 39.67670784, 23039, 322, -25
956, 116.6331137, 40.08908436, 23577, 339, 25
1375, 116.6331137, 40.13930497, 40905, 577, 17
326, 116.3460874, 40.04890012, 130602, 1828, 0
106, 116.5548186, 40.06899316, 48728, 703, 10
737, 116.1114321, 39.69685518, 17549, 250, 27
884, 116.5678672, 40.02880511, 72074, 1009, 1
1813, 116.5809161, 39.90818763, 52607, 744, 7
662, 116.2417688, 40.21963965, 51581, 744, 7
1829, 116.6983641, 39.71699862, 30054, 429, 14
433, 116.5548186, 40.10917381, 61188, 865, 1
1191, 116.2287318, 40.21963965, 45527, 650, 30
781, 116.4504403, 39.89813205, 115804, 1621, -8
418, 116.8158178, 40.14934794, 27904, 394, 38
920, 116.4895796, 40.07903898, 86571, 1224, 12
1506, 116.6592135, 39.61624124, 32053, 448, -12
1043, 117.063738, 40.29995806, 53531, 750, -11
1993, 116.4634864, 40.05894688, 83384, 1179, 0
1228, 116.3069634, 39.93835031, 120986, 1693, 4
1907, 116.3200042, 40.11921792, 70028, 980, 6
1479, 116.4895796, 40.2296802, 35794, 516, 10
719, 116.1244622, 39.91824252, 36071, 505, -45
648, 116.4504403, 39.71699862, 120149, 1682, 55
572, 116.3852162, 40.05894688, 62119, 870, 21
1727, 116.2287318, 39.84784339, 52623, 751, 15
1213, 116.2548064, 39.88807577, 67032, 948, 24
32, 116.2156955, 39.99865868, 84694, 1185, 16
637, 116.150525, 40.10917381, 50602, 729, 10
995, 116.3330455, 40.19955779, 45008, 630, -4
422, 116.4765328, 40.08908436, 103945, 1455, 0
1635, 116.2939233, 39.90818763, 90514, 1267, 9
1355, 116.4765328, 39.99865868, 142528, 1995, 21
1027, 116.5809161, 39.75727422, 21847, 312, 32
780, 116.3069634, 40.15939055, 41982, 588, -5
151, 116.9071666, 40.65133731, 14633, 205, -6
485, 116.2678448, 39.64647925, 25520, 357, -6
1394, 116.5026268, 39.99865868, 150472, 2107, 0
623, 116.5026268, 39.80759871, 55289, 782, 9
1413, 116.5548186, 40.38026729, 25843, 362, -17
443, 116.3852162, 39.86796106, 98438, 1377, 60
561, 116.1765909, 39.74720669, 30632, 433, 2
693, 116.5678672, 39.86796106, 57002, 798, -3
1816, 116.4243493, 40.06899316, 60755, 850, 10
341, 116.2939233, 39.87801878, 116864, 1652, 0
577, 116.150525, 39.78747148, 44327, 639, 14
1941, 116.4895796, 39.88807577, 103078, 1443, 1
234, 116.5287221, 39.97855828, 116010, 1623, -3
1334, 116.7375153, 39.82772264, 40897, 578, 2
1515, 116.6461635, 39.88807577, 50003, 699, -3
274, 116.4373946, 40.02880511, 76927, 1076, 11
534, 116.9202158, 40.09912929, 21516, 310, 17
1569, 116.1635576, 39.91824252, 30754, 444, 9
1528, 116.5548186, 39.92829675, 66198, 926, 0
315, 115.955141, 39.83778341, 14404, 205, 24
619, 116.3200042, 40.05894688, 70792, 991, -35
390, 116.1896251, 39.86796106, 71065, 994, 8
1899, 116.8158178, 39.68678201, 38496, 549, 12
1395, 116.5026268, 39.87801878, 69888, 978, 16
689, 116.620064, 40.09912929, 23815, 339, 4
916, 116.2156955, 40.08908436, 70419, 996, 0
1893, 116.2678448, 40.12926163, 40859, 583, 12
1451, 116.5156743, 40.11921792, 59394, 840, 12
529, 116.828868, 40.47061306, 18115, 253, -12
1179, 116.2939233, 39.54564717, 26817, 386, 17
1304, 116.6331137, 40.11921792, 51364, 718, 18
748, 116.5417702, 39.8579026, 29151, 416, 7
1453, 116.6331137, 39.91824252, 52115, 729, -5
796, 116.3852162, 39.97855828, 94634, 1324, 46
67, 116.3852162, 39.8579026, 79559, 1113, 48
157, 116.5156743, 39.83778341, 53166, 759, 8
1783, 115.8900627, 39.67670784, 15468, 216, -11
1786, 116.2287318, 39.86796106, 56675, 793, -3
765, 116.2417688, 39.70692738, 31941, 456, 14
218, 116.1114321, 40.07903898, 58483, 818, 8
1906, 116.0853743, 40.53084713, 23691, 338, 12
291, 116.5417702, 40.02880511, 154566, 2163, 0
1748, 116.4504403, 39.87801878, 73019, 1022, -43
396, 116.1635576, 40.51076855, 23454, 338, 13
953, 116.4634864, 39.91824252, 116396, 1629, -4
503, 116.3069634, 39.92829675, 147916, 2071, 3
1510, 116.3200042, 39.91824252, 120410, 1686, 1
595, 115.955141, 40.08908436, 18311, 264, 9
1997, 116.3460874, 40.00870803, 30338, 438, 24
1416, 116.6070145, 40.04890012, 41729, 590, 11
807, 116.7636163, 40.16943283, 32856, 460, -6
325, 116.868018, 39.72706891, 25859, 373, 7
1137, 116.2808837, 39.86796106, 73880, 1045, 4
178, 116.5678672, 40.21963965, 54400, 762, -10
501, 116.6853138, 39.89813205, 57588, 806, 14
1088, 116.4113045, 39.8579026, 66634, 932, 2
46, 116.0853743, 39.71699862, 23499, 332, 8
1296, 115.955141, 40.51076855, 14533, 210, 3
1581, 116.7244649, 39.84784339, 41310, 578, -18
105, 117.1941702, 40.33007471, 22123, 309, -1
919, 116.3330455, 39.94840323, 98789, 1382, 9
1843, 116.5156743, 39.90818763, 80309, 1124, 0
118, 116.2548064, 40.04890012, 116572, 1632, 16
420, 116.6592135, 39.83778341, 39755, 555.81, 9
1183, 116.5678672, 39.88807577, 49756, 696, 6
1038, 116.3069634, 40.04890012, 38779, 542, -22
670, 116.2156955, 39.88807577, 78635, 1067, 7
644, 116.0853743, 39.90818763, 53260, 768, 23
1099, 116.3721728, 40.10917381, 61176, 873, 13
606, 116.2156955, 39.92829675, 76973, 1077, 6
961, 116.5417702, 40.12926163, 38993, 562, 10
1432, 116.4634864, 39.70692738, 120149, 1682, -9
532, 116.4113045, 39.84784339, 29374, 423, 13
1651, 116.4634864, 40.13930497, 62909, 880, 3
294, 116.7505658, 40.02880511, 60620, 848, 14
98, 116.620064, 40.17947479, 35925, 518, 14
935, 116.5809161, 39.84784339, 74707, 1056, 1
1717, 116.4373946, 40.20959886, 34348, 481, 26
1937, 116.6592135, 39.87801878, 46026, 663, 12
1491, 116.4243493, 40.12926163, 53550, 750, -21
720, 116.0853743, 39.67670784, 38023, 532, -8
205, 116.1635576, 39.76734085, 47281, 662, 22
1087, 116.7897171, 39.81766108, 21330, 301, 12
1544, 116.2156955, 40.20959886, 33082, 472, 3
1974, 116.3721728, 39.8579026, 64165, 898, 12
1059, 116.7505658, 39.93835031, 35921, 518, 41
854, 116.3069634, 40.21963965, 46177, 660, 9
366, 116.0853743, 39.7774066, 46100, 658, 7
1811, 116.868018, 39.76734085, 26650, 373, -14
849, 116.4243493, 39.69685518, 26449, 374, 7
1555, 116.5417702, 39.89813205, 55151, 780, 1
939, 116.7766667, 39.86796106, 37872, 530, 0
120, 116.5678672, 39.73713826, 34968, 489, -2
1804, 116.2156955, 39.90818763, 70930, 993, -17
258, 116.5939652, 39.92829675, 67720, 948, 79
195, 116.7114145, 39.7774066, 30358, 429, 3
410, 116.3852162, 40.08908436, 52729, 760, 10
1081, 116.7505658, 40.05894688, 60620, 848, 1
876, 116.4504403, 39.67670784, 26716, 374, -1
1329, 116.3852162, 40.06899316, 62119, 870, 0
1822, 116.3069634, 40.10917381, 70028, 980, 3
1830, 115.8770504, 40.02880511, 14630, 206, 5
1352, 116.3721728, 39.94840323, 188969, 2646, 0
1597, 116.1374932, 39.88807577, 54428, 762, 10
845, 116.6722636, 39.93835031, 39056, 564, 7
1192, 116.4113045, 40.13930497, 51522, 735, 1
669, 116.2287318, 39.94840323, 88682, 1242, 8
544, 116.2156955, 39.93835031, 114870, 1608, 0
580, 116.4765328, 39.94840323, 101538, 1436, 16
1562, 116.1114321, 39.8579026, 28663, 409, 11
929, 116.3982601, 39.86796106, 114031, 1596, 47
1493, 116.7114145, 39.95845553, 93660, 1311, 14
461, 116.0723467, 39.82772264, 29054, 406, 25
1585, 116.3982601, 40.13930497, 39115, 564, 7
1128, 116.868018, 39.80759871, 26650, 373, -7
601, 116.2026599, 40.16943283, 28435, 410, 25
63, 116.4504403, 39.88807577, 68897, 965, 12
806, 116.5939652, 40.12926163, 17570, 248, 15
922, 116.5939652, 39.99865868, 125318, 1754, 0
437, 116.828868, 40.07903898, 28631, 409, 30
800, 116.4504403, 39.63640098, 35791, 516, 6
1440, 116.150525, 39.92829675, 52892, 763, 6
1865, 115.7990013, 39.55573548, 32178, 459, 12
1736, 116.2287318, 39.83778341, 46181, 646, -16
975, 116.3460874, 40.21963965, 27204, 392, 13
678, 116.9593618, 40.43045906, 20132, 284, 8
35, 116.3591298, 40.24976058, 28037, 392, 1
1001, 116.3852162, 39.94840323, 178325, 2496, 0
1406, 116.4373946, 39.80759871, 41849, 603, 10
1958, 116.2548064, 40.13930497, 32842, 464, 12
1963, 116.828868, 40.45053593, 23632, 337, 12
965, 116.1635576, 39.92829675, 90001, 1260, 3
563, 116.0202456, 39.7774066, 18359, 265, 12
553, 116.4373946, 39.8579026, 100440, 1406, -5
1571, 116.3069634, 40.01875684, 117460, 1644, 1
1053, 116.4243493, 40.27987959, 34005, 481, 6
1577, 116.9985054, 40.05894688, 26912, 388, 16
350, 116.6331137, 39.61624124, 28953, 409, 46
217, 116.9854579, 40.57100652, 30516, 435, 9
999, 116.5156743, 40.03885287, 111302, 1558, 2
1061, 116.1374932, 39.9685072, 41893, 604, 7
1854, 116.7505658, 40.07903898, 46181, 666, 12
49, 116.0853743, 40.42042068, 24172, 338, 0
1105, 116.7114145, 39.9685072, 93660, 1311, 1
1422, 115.9291064, 40.19955779, 22264, 318, 13
318, 116.3460874, 39.8579026, 154587, 2164, 21
537, 116.4243493, 40.00870803, 102725, 1437, 23
102, 115.8250128, 40.47061306, 16299, 235, 6
191, 115.7729948, 39.54564717, 32831, 459, -9
1237, 116.5156743, 39.79753552, 32212, 455, 36
744, 117.1420034, 40.16943283, 26929, 385, 11
1119, 116.5678672, 39.78747148, 82276, 1152, 17
1163, 116.8419182, 40.20959886, 29586, 414.19, 11
1709, 116.2156955, 40.11921792, 63251, 885, -1
1452, 115.9421232, 39.67670784, 30314, 428, 1
1303, 116.3460874, 39.48509191, 30986, 447, 4
1812, 116.6983641, 39.74720669, 30665, 429, -8
86, 116.4634864, 39.92829675, 89638, 1254, -2
1759, 116.2808837, 39.97855828, 126827, 1776, -1
1466, 116.4765328, 39.81766108, 41764, 596, 9
1664, 116.2678448, 39.71699862, 34502, 483, -39
964, 116.3591298, 39.70692738, 30460, 435, 20
1787, 116.1114321, 39.68678201, 16602, 235, 15
1642, 116.3330455, 39.90818763, 160376, 2244, -5
743, 116.5548186, 39.9685072, 141744, 1984, 0
483, 116.4765328, 39.86796106, 66145, 926, 1
1260, 116.8419182, 40.34011337, 32708, 458, 3
634, 116.9071666, 40.06899316, 28274, 396, -2
1750, 116.2808837, 39.87801878, 68328, 956, 8
1372, 116.3982601, 40.17947479, 25026, 354, 9
707, 116.3852162, 39.55573548, 35791, 516, 25
312, 116.1765909, 40.10917381, 84000, 1188, 0
255, 115.9811798, 39.74720669, 15822, 223, 17
1935, 116.5156743, 39.89813205, 51730, 739, 12
66, 116.1635576, 40.20959886, 40560, 567, -16
343, 116.6853138, 39.67670784, 32352, 452, -1
763, 116.6331137, 40.16943283, 32299, 465, 15
885, 116.6983641, 39.68678201, 32352, 452, -2
1578, 116.2548064, 39.93835031, 164788, 2307, 34
852, 116.4765328, 39.83778341, 50080, 707, 16
687, 116.2678448, 39.89813205, 68971, 975, 0
1139, 116.3200042, 39.95845553, 130304, 1824, 10
162, 116.5809161, 40.26984011, 27919, 403, 61
667, 116.3069634, 40.2296802, 46643, 660, 20
1871, 116.3721728, 39.79753552, 46401, 669, 12
1634, 116.2417688, 39.91824252, 77418, 1083, 14
1968, 116.3200042, 39.82772264, 51480, 742, 12
192, 116.3852162, 39.88807577, 142130, 1989, 0
862, 116.6461635, 39.71699862, 31391, 452, 16
552, 116.4634864, 39.81766108, 66376, 928, 9
871, 116.2417688, 40.04890012, 116572, 1632, 0
841, 116.5548186, 40.2296802, 52784, 762, 18
589, 116.1114321, 39.78747148, 47036, 658, -3
1962, 116.2678448, 39.97855828, 130217, 1822, 9
1305, 116.0072227, 39.88807577, 43788, 625, 19
913, 116.5026268, 39.98860877, 68427, 958, 63
1340, 116.8810677, 40.08908436, 21733, 310, 4
1934, 116.8419182, 39.7774066, 25859, 373, 12
1749, 116.7897171, 40.32003595, 13377, 190, 0
282, 116.3200042, 39.88807577, 132367, 1852, 4
1254, 116.3591298, 40.06899316, 65195, 912, 4
1130, 117.1159168, 40.09912929, 22588, 316, 20
251, 116.7114145, 40.80202228, 18205, 262, 15
539, 116.4243493, 40.09912929, 48667, 694, 25
814, 116.6461635, 40.18951644, 33196, 478, 11
200, 116.7897171, 39.61624124, 22417, 320, 35
984, 116.5417702, 40.04890012, 49539, 708, 27
1548, 116.6331137, 40.2397205, 29412, 424, 25
112, 117.0115527, 40.07903898, 28171, 394, 2
260, 116.3200042, 40.03885287, 99307, 1404, 13
1387, 116.3591298, 39.79753552, 52668, 759, 10
1429, 116.4373946, 39.83778341, 71924, 1007, 28
124, 116.1765909, 39.78747148, 39517, 570, 25
1519, 116.6722636, 40.11921792, 40839, 577, 1
967, 116.0723467, 39.86796106, 23048, 328, 4
758, 116.6070145, 40.08908436, 33855, 488, 26
1401, 116.5548186, 39.95845553, 101869, 1425, 15
1837, 116.1896251, 39.60615975, 18299, 264, 12
196, 116.0853743, 40.27987959, 27113, 379, 18
283, 116.6722636, 40.16943283, 46669, 667, 4
963, 116.4765328, 40.18951644, 30507, 435, 10
1761, 116.2548064, 40.20959886, 47672, 667, 12
860, 115.9421232, 39.70692738, 24071, 346, 24
482, 116.0723467, 39.72706891, 28510, 403, 9
1946, 116.4243493, 39.84784339, 58283, 816, 6
1856, 116.5026268, 40.00870803, 66838, 945, 1
1214, 116.2026599, 39.91824252, 89580, 1254, 13
207, 116.3460874, 40.14934794, 37858, 541, 4
1187, 116.1896251, 39.61624124, 18299, 264, 15
1257, 116.1896251, 39.71699862, 53014, 757, 17
1408, 116.2026599, 40.12926163, 63824, 893, -6
1888, 116.2808837, 39.89813205, 70989, 1004, 1
526, 116.2548064, 40.11921792, 44020, 634, 9
976, 116.0984028, 39.91824252, 51757, 739, 27
381, 116.2939233, 40.02880511, 145846, 2041, 2
1441, 116.6070145, 40.09912929, 22986, 324, 22
331, 116.4113045, 39.97855828, 97870, 1370, 13
714, 116.1896251, 39.73713826, 53913, 770, 5
1327, 116.4895796, 39.89813205, 103864, 1454, 14
1132, 116.5417702, 40.16943283, 33019, 471, 17
1825, 116.8419182, 39.84784339, 26650, 373, -5
760, 116.0984028, 39.88807577, 36244, 507, 6
310, 116.5417702, 40.08908436, 47421, 670, 14
736, 116.5156743, 40.10917381, 59994, 840, -11
440, 116.3982601, 40.04890012, 59569, 834, 0
455, 117.0115527, 40.03885287, 12670, 177, -1
142, 116.5678672, 40.14934794, 28197, 403, 22
684, 116.3591298, 39.98860877, 124673, 1745, 88
55, 116.7766667, 40.6412949, 18763, 262, 17
1803, 116.5287221, 39.75727422, 39593, 565, 4
80, 116.5548186, 39.99865868, 123116, 1723, 3
690, 116.2287318, 39.63640098, 18484, 264, 20
1846, 116.5809161, 39.88807577, 45590, 644, 12
716, 116.1765909, 39.84784339, 38839, 560, 17
874, 116.7636163, 39.81766108, 21117, 301, 12
645, 116.0853743, 40.09912929, 58483, 818, 62
146, 116.8941173, 39.80759871, 26650, 373, -14
259, 116.4765328, 39.9685072, 76463, 1070, 12
701, 116.0462943, 39.62632165, 15015, 212, 22
75, 116.1244622, 40.13930497, 38846, 554, 10
649, 116.6983641, 40.42042068, 19475, 280, 13
1988, 117.063738, 40.15939055, 52996, 750, 24
770, 116.2939233, 39.83778341, 58182, 814, 29
863, 116.4895796, 39.99865868, 150472, 2107, 17
620, 116.1244622, 39.95845553, 43776, 613, -61
1263, 116.1765909, 39.72706891, 48235, 682, 41
388, 116.3982601, 40.06899316, 55438, 783, 16
254, 116.0723467, 39.68678201, 36894, 532, 19
1156, 116.4373946, 40.16943283, 48160, 681, 1
864, 116.2548064, 39.91824252, 126815, 1776, 12
64, 116.3982601, 39.92829675, 242074, 3388, 26
805, 116.1374932, 40.24976058, 23856, 344, 24
766, 116.7114145, 39.94840323, 58984, 825, 22
1631, 116.1114321, 39.93835031, 47065, 665, 9
1643, 116.150525, 40.17947479, 39838, 568, 5
386, 116.3721728, 40.15939055, 28457, 398, 0
302, 116.2808837, 39.82772264, 34150, 493, 5
1909, 116.8419182, 39.79753552, 26384, 373, 12
335, 116.4243493, 39.52546697, 36887, 516, 0
825, 116.620064, 40.04890012, 19494, 272, 18
1745, 115.9942008, 39.90818763, 44677, 625, -9
365, 116.4373946, 40.05894688, 45602, 657, 21
284, 115.9291064, 40.46057445, 24575, 354, 65
809, 117.0898283, 40.13930497, 25832, 364, 9
778, 116.8158178, 39.82772264, 26120, 373, 5
1489, 116.2417688, 39.83778341, 43895, 627, 15
1558, 116.2548064, 39.98860877, 110323, 1544, -8
1501, 116.3200042, 40.25980045, 46643, 660, 12
392, 116.4504403, 39.93835031, 96670, 1366, 13
865, 116.3460874, 39.66663267, 30388, 426, -4
173, 116.2287318, 40.16943283, 54465, 786, 11
464, 116.5026268, 39.91824252, 65401, 915, 1
1054, 116.3069634, 40.03885287, 39403, 563, 4
888, 116.2548064, 40.21963965, 42085, 607, 8
1743, 116.7375153, 40.18951644, 36500, 511, -3
1103, 116.6461635, 39.86796106, 48939, 706, 12
148, 116.0593201, 39.82772264, 24934, 352, 8
1922, 116.4243493, 40.05894688, 141366, 1978, 6
87, 116.3200042, 39.51537506, 30986, 447, 12
777, 116.4504403, 39.83778341, 56135, 786, 0
1496, 116.5548186, 40.09912929, 46103, 658, 8
1886, 116.3721728, 39.84784339, 64303, 900, 1
94, 117.1159168, 40.16943283, 27476, 385, 47
416, 116.868018, 39.78747148, 26120, 373, 1
697, 116.0593201, 39.68678201, 18061, 258, 2
859, 116.4243493, 39.94840323, 139340, 1951, 29
988, 116.1635576, 40.2296802, 40560, 567, 15
1264, 116.2287318, 40.04890012, 70630, 988, 1
1552, 116.3069634, 39.59607716, 52930, 763, 7
524, 115.9291064, 39.70692738, 15008, 216, 23
88, 116.3982601, 39.83778341, 61242, 856, -3
1121, 116.4243493, 39.93835031, 168739, 2362, 30
1241, 116.4895796, 39.97855828, 60464, 846, 12
1842, 116.3982601, 40.10917381, 60724, 849, 1
1127, 116.3982601, 39.90818763, 109480, 1532, 22
1050, 116.5417702, 39.83778341, 68609, 960, -6
1477, 116.5287221, 39.91824252, 72411, 1023, 24
1656, 116.4243493, 40.03885287, 67324, 951, 1
560, 116.7244649, 39.67670784, 32352, 452, -14
348, 116.0462943, 39.72706891, 22523, 321, 16
1866, 116.5156743, 39.69685518, 27746, 400, 12
300, 116.4113045, 40.54088668, 20794, 300, 21
616, 116.1635576, 39.68678201, 21468, 307, 22
1820, 116.3069634, 39.76734085, 73102, 1023, -9
346, 116.9071666, 39.81766108, 25859, 373, 13
1972, 116.0984028, 39.90818763, 51708, 730, 12
1222, 116.5287221, 39.7774066, 30605, 428, -4
1386, 116.5156743, 40.34011337, 22456, 314, 17
808, 115.9811798, 40.49069056, 38471, 538, -1
279, 116.1244622, 39.9685072, 42186, 596, 17
1029, 116.4634864, 39.72706891, 120149, 1682, 1
1860, 116.2287318, 39.87801878, 63292, 885, 12
495, 116.5548186, 39.79753552, 47678, 681, 15
1205, 116.3591298, 39.93835031, 179752, 2516, 12
1201, 117.1159168, 40.40034399, 31135, 435, -1
971, 116.3200042, 39.60615975, 52930, 763, 11
81, 116.5548186, 39.87801878, 48494, 679, -5
74, 116.4373946, 39.92829675, 98803, 1383, -7
1169, 116.150525, 40.03885287, 72481, 1015, 9
385, 116.3330455, 39.73713826, 48997, 706, 17
1063, 116.6722636, 40.01875684, 31979, 447, -1
1166, 116.150525, 40.05894688, 72481, 1015, 16
473, 116.2808837, 39.88807577, 119051, 1666, 2
1604, 116.2808837, 40.10917381, 93830, 1314, 0
1857, 116.5417702, 39.76734085, 39546, 553, 12
111, 116.6983641, 39.65655647, 32352, 452, -6
757, 116.0853743, 40.17947479, 41890, 598, 3
1034, 116.4504403, 39.81766108, 56603, 792, -7
1617, 116.4895796, 39.93835031, 164987, 2309, 0
444, 116.7766667, 40.48065176, 24674, 349, 9
79, 116.7244649, 39.83778341, 40083, 578, 11
861, 116.3460874, 40.15939055, 37858, 541, 7
1388, 116.620064, 39.65655647, 24610, 351, 32
542, 116.4373946, 39.89813205, 124397, 1741, 1
494, 116.3330455, 39.98860877, 133996, 1894, 25
1622, 116.2939233, 39.9685072, 196497, 2751, 0
1418, 116.4243493, 39.80759871, 44323, 633, 30
54, 115.9811798, 40.11921792, 18311, 264, 14
905, 116.4504403, 39.74720669, 48478, 699, 25
917, 116.9463134, 40.12926163, 21733, 310, 15
520, 116.1114321, 39.65655647, 16436, 235, 32
411, 116.2026599, 40.11921792, 59501, 841, 4
297, 116.3460874, 39.9685072, 142151, 1989, 20
1184, 116.5156743, 40.24976058, 54400, 762, -1
1097, 117.1159168, 40.12926163, 22362, 316, 1
1464, 116.4765328, 39.93835031, 102268, 1431, 5
1080, 116.150525, 39.80759871, 49362, 691, -29
597, 116.2939233, 39.91824252, 141408, 1980, -9
675, 116.7897171, 39.65655647, 22193, 320, 10
966, 116.2156955, 40.21963965, 33022, 462, -23
164, 116.3721728, 39.99865868, 101221, 1417, 2
268, 116.7114145, 40.17947479, 34108, 487, 23
731, 116.3591298, 39.89813205, 261216, 3657, 7
1266, 116.3460874, 39.93835031, 76154, 1065, 3
950, 116.4113045, 39.87801878, 122887, 1720, 27
1697, 116.3591298, 39.88807577, 133183, 1864, 8
1647, 116.1244622, 39.74720669, 27793, 388, -13
883, 116.5809161, 40.03885287, 32210, 464, 11
1628, 116.7244649, 39.98860877, 37374, 523, -1
522, 116.5548186, 39.72706891, 26837, 379, 13
1368, 116.7375153, 40.09912929, 26026, 372, 19
329, 116.1114321, 40.00870803, 26272, 368, -2
216, 116.3069634, 40.07903898, 51629, 722, -22
1726, 116.2417688, 40.06899316, 109042, 1526, 24
223, 115.9811798, 40.41038233, 11704, 166, 0
1490, 116.6983641, 39.83778341, 40488, 560.66, 12
1975, 116.2417688, 39.9685072, 72799, 1018, 8
1580, 116.3591298, 39.69685518, 28511, 399, 0
1590, 116.3200042, 39.74720669, 47955, 692, 7
1168, 116.5287221, 39.82772264, 61271, 858, 22
1495, 116.2939233, 39.57590861, 52930, 763, 20
292, 116.3591298, 39.83778341, 85201, 1193, 69
1013, 116.3330455, 40.09912929, 66995, 948, 35
1744, 116.5287221, 39.80759871, 25562, 364, 3
511, 115.9030762, 40.06899316, 14778, 206, -3
1550, 116.5548186, 39.90818763, 35864, 512, 19
516, 116.6983641, 39.9685072, 93660, 1311, 0
382, 116.8027675, 40.04890012, 46181, 666, 16
1442, 116.3852162, 39.81766108, 54038, 756, -41
1915, 116.7375153, 39.89813205, 139888, 1978, 10
1417, 116.3069634, 39.7774066, 32265, 465, 7
1559, 116.6983641, 39.89813205, 69894, 978, 0
792, 116.0853743, 40.19955779, 27638, 386, 1
1175, 116.3982601, 40.26984011, 23786, 339, 7
441, 117.0115527, 40.10917381, 29559, 422, 13
565, 116.5287221, 39.9685072, 127612, 1786, 0
660, 116.5026268, 39.95845553, 93926, 1315, 8
1269, 116.7636163, 40.37022889, 17182, 248, 15
60, 115.6300553, 39.89813205, 15313, 216, 1
510, 116.5809161, 39.65655647, 22237, 310, 68
1791, 116.6331137, 39.86796106, 47337, 683, 17
206, 116.6592135, 39.95845553, 50640, 716, 6
42, 116.1244622, 39.63640098, 16770, 235, -2
262, 116.620064, 39.70692738, 39642, 572, 21
1990, 116.3982601, 40.08908436, 41686, 601, 24
989, 116.2808837, 39.78747148, 36065, 514, 27
1839, 116.4634864, 40.12926163, 76898, 1087, 12
924, 116.4113045, 39.83778341, 83861, 1173, -10
113, 116.4895796, 39.76734085, 81340, 1161, 0
582, 116.2808837, 39.81766108, 68164, 954, 10
938, 116.3852162, 40.2296802, 24269, 339, -20
1215, 116.0853743, 40.55092642, 24172, 338, 0
12, 116.4504403, 39.94840323, 126619, 1772, 32
290, 116.620064, 39.8579026, 43237, 624, 48
783, 116.6331137, 39.93835031, 50320, 711, 6
1687, 116.5417702, 39.88807577, 54053, 780, 4
1060, 116.6592135, 39.94840323, 50640, 716, 3
791, 116.5417702, 39.75727422, 43489, 615, 11
691, 116.0202456, 40.54088668, 23454, 338, 13
1582, 116.7636163, 39.92829675, 36284, 518, 6
134, 115.8120065, 40.01875684, 14484, 206, 4
1283, 116.2417688, 40.07903898, 107952, 1526, 8
59, 116.0462943, 39.66663267, 16107, 228, 12
910, 116.4765328, 39.88807577, 86671, 1213, 0
398, 116.4634864, 39.90818763, 116303, 1628, 19
870, 116.6461635, 40.04890012, 19299, 272, 3
93, 116.8549682, 40.09912929, 27065, 382, 9
655, 116.5026268, 40.04890012, 94028, 1316, 0
1057, 116.4243493, 39.8579026, 70223, 982, 4
1321, 116.4504403, 40.00870803, 106131, 1486, 0
375, 116.1765909, 39.92829675, 48063, 672, 30
450, 116.2156955, 39.98860877, 98758, 1382, 64
320, 116.3591298, 39.94840323, 113970, 1596, 39
288, 116.9332647, 40.05894688, 27434, 396, 19
479, 116.8158178, 40.37022889, 27130, 380, 1
360, 116.620064, 40.40034399, 36691, 529, 10
698, 116.4765328, 39.84784339, 51379, 741, 7
837, 116.2808837, 39.73713826, 40772, 582, 19
583, 115.8900627, 39.82772264, 21053, 295, 21
1314, 116.2417688, 39.90818763, 74596, 1044, 13
1699, 116.4113045, 40.08908436, 49408, 705, 2
729, 115.8120065, 39.86796106, 19315, 270, -1
423, 116.3460874, 39.69685518, 28511, 399, 3
257, 116.4895796, 39.61624124, 22498, 314, -6
602, 116.1765909, 39.83778341, 45111, 650, 25
72, 116.3330455, 39.88807577, 144468, 2042, 57
233, 116.1114321, 39.58599345, 21074, 301, 2
1880, 116.3200042, 39.80759871, 54416, 784, 12
712, 116.3982601, 40.00870803, 84341, 1181, 11
1652, 116.3982601, 39.91824252, 136670, 1913, 49
1730, 116.6853138, 40.10917381, 44610, 631, 16
176, 116.2939233, 40.10917381, 41759, 602, 55
608, 116.4373946, 40.01875684, 96509, 1365, 8
1795, 116.2939233, 39.97855828, 150881, 2112, 0
1439, 116.2678448, 40.10917381, 64939, 909, 1
471, 116.5809161, 39.99865868, 125318, 1754, 6
1006, 116.7505658, 39.67670784, 30358, 429, 6
247, 116.4504403, 40.07903898, 42913, 619, 26
349, 116.2026599, 39.69685518, 54090, 757, 24
1162, 116.1765909, 39.87801878, 71065, 994, 5
1912, 116.5939652, 39.90818763, 51857, 740, 12
1086, 116.6853138, 39.86796106, 46043, 664, 9
370, 116.4634864, 39.68678201, 26449, 374, 10
994, 116.3721728, 39.88807577, 193785, 2713, 0
779, 116.5548186, 39.7774066, 23933, 342, 23
832, 116.5809161, 39.89813205, 59281, 830, 1
723, 116.6592135, 39.93835031, 62590, 876, 4
1066, 116.3330455, 39.84784339, 63596, 890, 27
104, 116.4895796, 39.9685072, 40649, 586, 22
1553, 116.1765909, 39.76734085, 47903, 670, -10
489, 116.2939233, 40.08908436, 65057, 910, 1
997, 116.4113045, 40.12926163, 37778, 544, 9
462, 116.4373946, 39.93835031, 85726, 1211, 56
898, 116.3330455, 40.07903898, 54917, 769, -5
204, 116.2156955, 39.73713826, 47853, 676, 2
161, 116.3460874, 40.36019045, 21430, 300, 43
1249, 116.3982601, 39.78747148, 37908, 530, -8
1983, 116.2678448, 39.91824252, 106330, 1503, 8
1463, 116.6070145, 39.86796106, 77771, 1088, 0
930, 116.5026268, 40.03885287, 106952, 1497, -1
949, 116.150525, 39.87801878, 40867, 589, 19
818, 116.3852162, 39.98860877, 111245, 1557, 0
1810, 116.3591298, 39.57590861, 53465, 763, 4
769, 116.4895796, 39.74720669, 68773, 962, 15
1224, 116.2678448, 39.82772264, 89119, 1248, 0
245, 117.0245996, 40.2397205, 51941, 750, 14
993, 116.5678672, 39.84784339, 75462, 1056, 11
843, 116.7766667, 40.38026729, 26913, 384, 3
1200, 116.6722636, 39.97855828, 79787, 1117, 11
391, 116.4895796, 40.17947479, 30202, 435, 17
1423, 116.2156955, 39.78747148, 41374, 596, 10
746, 116.0984028, 40.05894688, 29800, 429, 28
189, 116.5417702, 40.17947479, 33690, 471, -3
1889, 116.0853743, 39.87801878, 23516, 328, 12
1782, 116.8941173, 40.15939055, 22175, 310, 2
1486, 116.4765328, 39.75727422, 65191, 913, -2
143, 116.3591298, 39.68678201, 16827, 222.99329999999998, 6
574, 116.5156743, 40.02880511, 113719, 1592, 0
1227, 116.2548064, 39.9685072, 74048, 1047, 1
613, 115.9942008, 39.66663267, 16393, 236, 19
1468, 116.5678672, 40.04890012, 120270, 1683, 1
103, 116.3460874, 39.90818763, 221266, 3097, 12
1140, 116.5417702, 39.86796106, 45125, 651, 6
1674, 116.1635576, 39.69685518, 42741, 610, 3
107, 116.5287221, 39.78747148, 29213, 408, -4
656, 116.6461635, 40.08908436, 20389, 294, 41
1115, 116.8158178, 40.10917381, 28631, 409, 12
866, 116.6853138, 40.03885287, 31029, 447, 17
244, 116.5417702, 40.18951644, 45323, 648, 20
130, 116.8549682, 40.16943283, 29586, 427, 16
1379, 116.2939233, 39.78747148, 40043, 560, -11
1981, 116.4113045, 39.91824252, 210354, 2944, 29
345, 116.6070145, 40.13930497, 24704, 352, 44
730, 115.9030762, 39.62632165, 14806, 213, 15
121, 116.2808837, 39.93835031, 149671, 2116, 22
873, 116.5156743, 40.19955779, 27347, 382, -3
877, 116.7375153, 39.62632165, 22417, 320, 5
25, 116.5287221, 40.2296802, 53856, 762, 10
26, 116.3591298, 39.8579026, 66436, 930, -4
11, 116.3069634, 40.35015195, 20794, 300, 14
696, 116.6722636, 39.86796106, 52208, 730, -8
1, 116.3069634, 39.86796106, 94790, 1340, 26
1307, 116.1765909, 39.7774066, 49164, 709, 14
249, 116.2026599, 40.32003595, 59591, 834, 2
248, 115.9291064, 40.14934794, 18683, 264, 1
452, 116.3721728, 39.89813205, 197036, 2786, 51
940, 116.1635576, 39.81766108, 39556, 571, 3
1393, 116.6331137, 39.83778341, 17483, 244, 1
333, 116.4765328, 39.57590861, 21830, 314, 8
226, 116.4113045, 39.93835031, 187810, 2629, 41
50, 116.5156743, 39.92829675, 103364, 1461, 2
3, 116.1244622, 40.04890012, 29800, 429, 24
141, 116.0853743, 40.10917381, 57898, 818, 0
1514, 116.5156743, 40.00870803, 69892, 978, 0
484, 116.0853743, 39.60615975, 21406, 308, 26
1465, 116.2678448, 39.83778341, 48968, 685, -1
1335, 116.1374932, 39.94840323, 43175, 604, -6
647, 116.3069634, 39.78747148, 40141, 579, 11
227, 116.6331137, 39.99865868, 83032, 1162, 0
754, 116.2026599, 40.21963965, 30341, 424, -2
407, 116.3069634, 39.79753552, 68773, 962, 0
1713, 116.4765328, 39.82772264, 54211, 758, -17
1480, 116.6331137, 40.29995806, 30605, 428, 12
361, 116.1374932, 39.70692738, 37791, 544, 12
1621, 116.1244622, 40.06899316, 57319, 818, 0
517, 116.3330455, 39.87801878, 127234, 1781, 26
20, 116.7897171, 40.14934794, 28345, 409, 24
576, 116.3852162, 39.62632165, 35791, 516, 21
1180, 116.0853743, 40.07903898, 29800, 429, 12
1017, 116.0202456, 39.76734085, 18359, 265, 28
1629, 116.4895796, 40.00870803, 87360, 1222, 17
1419, 116.3982601, 40.07903898, 47972, 685, 8
344, 115.9421232, 40.34011337, 22041, 318, 22
225, 116.2287318, 39.90818763, 33713, 481, 70
1720, 116.1635576, 39.79753552, 59499, 841, 1
488, 116.2156955, 40.03885287, 69212, 968, -2
1802, 116.3460874, 39.78747148, 43970, 615, -14
1341, 116.3460874, 39.75727422, 37056, 535, 13
1594, 115.9291064, 40.41038233, 13776, 193, 0
776, 116.5678672, 39.99865868, 124065, 1754, 0
1074, 116.0332695, 39.74720669, 22786, 319, -23
17, 116.7505658, 40.36019045, 17708, 248, -2
1960, 116.6331137, 39.89813205, 43165, 616, 12
1849, 116.5678672, 39.70692738, 26569, 379, 12
680, 116.6853138, 39.94840323, 33515, 469, 45
946, 116.3982601, 40.16943283, 38272, 547, 6
1403, 116.620064, 39.92829675, 46749, 674, 15
598, 116.3591298, 40.01875684, 105071, 1471, 17
427, 116.0853743, 39.95845553, 32929, 470, 14
1891, 116.5939652, 40.03885287, 37055, 535, 12
1182, 116.6070145, 39.8579026, 77771, 1088, 0
82, 116.3852162, 40.18951644, 63667, 891, 14
1077, 116.620064, 39.75727422, 35191, 502, 11
491, 116.4504403, 39.80759871, 55477, 792, 21
717, 116.2287318, 39.7774066, 31207, 450, 7
401, 116.1635576, 40.14934794, 39634, 554, 0
715, 116.4634864, 39.89813205, 90334, 1278, 0
880, 116.7114145, 39.72706891, 30665, 429, -13
1091, 116.2287318, 39.93835031, 83733, 1184, 7
1574, 116.5548186, 39.75727422, 34968, 489, -10
1599, 116.2678448, 40.03885287, 106307, 1488, -6
73, 116.4113045, 39.53555767, 36887, 516, -2
710, 116.7766667, 39.71699862, 38496, 549, 4
646, 116.4634864, 40.15939055, 62909, 880, 22
741, 116.3330455, 39.80759871, 56082, 784, 20
1256, 116.3460874, 39.80759871, 68021, 952, 20
1918, 116.3200042, 39.84784339, 63475, 897, 12
858, 116.7244649, 39.92829675, 99046, 1387, -16
160, 116.5417702, 39.7774066, 79648, 1114, 20
906, 116.4765328, 39.73713826, 120149, 1682, -22
1838, 116.3200042, 39.99865868, 79412, 1111, 0
1292, 116.1896251, 40.09912929, 84848, 1188, 20
1636, 116.3200042, 39.98860877, 175030, 2450, 2
1771, 116.4895796, 40.09912929, 103945, 1455, 4
1291, 116.3591298, 39.81766108, 61300, 866, 0
1592, 116.5678672, 40.25980045, 20825, 291, -3
379, 116.7244649, 39.90818763, 141301, 1978, -2
802, 116.6853138, 39.75727422, 30665, 429, 17
18, 116.2417688, 40.35015195, 58405, 834, 0
1437, 116.4634864, 39.76734085, 77575, 1096, 1
275, 116.1635576, 39.65655647, 16436, 235, 11
505, 116.3330455, 40.06899316, 59918, 839, 28
1898, 116.3200042, 39.93835031, 80616, 1140, 2
220, 115.955141, 40.00870803, 14778, 206, -14
1707, 116.5026268, 40.09912929, 110772, 1550, -5
674, 115.9811798, 39.70692738, 26368, 380, 19
625, 116.2287318, 40.08908436, 70419, 996, 0
465, 116.7114145, 39.84784339, 40488, 560.66, 10
1064, 116.3200042, 39.69685518, 40028, 560, 0
738, 116.5809161, 40.16943283, 33353, 471, 1
70, 116.150525, 39.72706891, 24890, 358, 25
1800, 116.5809161, 39.87801878, 48032, 672, 4
1245, 116.2026599, 39.89813205, 75364, 1054, 0
198, 116.4113045, 40.02880511, 100622, 1423, 21
15, 116.3069634, 39.95845553, 122135, 1710, -2
23, 116.8419182, 39.78747148, 26650, 373, -4
968, 116.6592135, 40.00870803, 41578, 600, 11
1589, 116.0072227, 39.70692738, 23568, 330, -5
1639, 116.1765909, 39.65655647, 54090, 757, -26
1238, 116.5548186, 40.02880511, 91993, 1288, 20
550, 116.1896251, 39.90818763, 78600, 1100, -10
394, 115.8900627, 40.38026729, 16464, 235, 4
58, 116.6722636, 39.99865868, 57982, 811, -19
1302, 116.1635576, 40.10917381, 52151, 729, -9
1662, 116.7636163, 39.88807577, 99046, 1387, 3
480, 116.6592135, 40.04890012, 31488, 454, 18
894, 116.4373946, 39.79753552, 48583, 679, -56
996, 116.6461635, 40.35015195, 33908, 489, 13
1209, 116.3852162, 39.84784339, 68371, 957, 61
1186, 116.4634864, 39.97855828, 90779, 1270, 0
1150, 116.6592135, 40.10917381, 37806, 546, 19
799, 116.0853743, 39.93835031, 33912, 489, 42
970, 116.4895796, 39.70692738, 120149, 1682, 0
1872, 116.4634864, 39.98860877, 77460, 1084, 10
887, 116.5678672, 39.87801878, 47737, 668, 0
789, 116.3591298, 39.95845553, 117454, 1644, 4
202, 116.6722636, 40.40034399, 20072, 280, -6
1319, 116.7114145, 39.76734085, 30665, 429, 9
666, 116.3069634, 39.97855828, 120406, 1686, 1
592, 116.6722636, 40.08908436, 39959, 559, -1
1633, 116.7766667, 40.30999707, 13648, 190, 0
1360, 116.4243493, 39.76734085, 40945, 573, -4
52, 116.2548064, 40.65133731, 21004, 300, 13
643, 116.2026599, 39.76734085, 45976, 663, 39
210, 116.4504403, 39.8579026, 74620, 1045, 1
1939, 116.4113045, 40.00870803, 96704, 1353, 10
787, 116.4504403, 40.03885287, 71570, 1011, 21
172, 116.3591298, 39.74720669, 41616, 600, 16
632, 116.3852162, 39.92829675, 169993, 2379, 23
115, 116.1765909, 40.24976058, 39752, 567, 18
882, 116.5939652, 39.86796106, 59257, 829, -9
240, 116.2548064, 39.52546697, 28622, 400, -12
1902, 116.6070145, 40.03885287, 41915, 598, 12
436, 116.2548064, 39.79753552, 35704, 514, 19
831, 116.4765328, 40.02880511, 105478, 1477, 8
1579, 116.3982601, 39.72706891, 31664, 457, 6
1757, 116.3852162, 39.93835031, 173744, 2432, 16
1359, 116.1765909, 39.86796106, 71065, 994, 0
1781, 116.1635576, 39.8579026, 41885, 586, -2
1868, 116.2808837, 39.67670784, 23287, 332, 12
171, 116.3460874, 39.82772264, 60164, 842, 25
1449, 116.6722636, 40.07903898, 20971, 300, 5
1111, 116.5678672, 39.80759871, 69959, 979, 19
979, 116.2156955, 40.24976058, 41546, 600, 19
285, 116.2939233, 39.75727422, 48174, 687, 46
30, 116.1114321, 40.21963965, 25368, 366, 15
1861, 116.0723467, 39.93835031, 41146, 594, 12
908, 116.5809161, 39.73713826, 21847, 312, 8
414, 116.1896251, 39.80759871, 41818, 603, 30
1566, 116.3069634, 39.90818763, 121823, 1705, 0
1462, 116.5417702, 39.92829675, 58261, 824, 4
1048, 116.828868, 40.14934794, 26794, 382, 20
793, 116.1635576, 39.78747148, 33649, 481, 12
362, 116.4634864, 39.99865868, 87307, 1222, 7
1348, 116.2939233, 40.01875684, 105647, 1494, 3
567, 116.3330455, 40.04890012, 80514, 1127, 56
1475, 116.2156955, 39.91824252, 63396, 888, 3
718, 116.4243493, 39.98860877, 127609, 1786, 7
1523, 116.5287221, 39.8579026, 51505, 721, -1
1980, 116.4373946, 40.03885287, 112086, 1569, 0
1967, 116.5156743, 39.76734085, 45951, 663, 12
1850, 116.2548064, 39.81766108, 89119, 1248, 0
1637, 116.0202456, 39.97855828, 15195, 219, 4
144, 116.2548064, 40.03885287, 144403, 2022, 0
1051, 116.2808837, 40.14934794, 37398, 534, 30
533, 116.6461635, 39.92829675, 42547, 601, 9
44, 116.828868, 40.41038233, 27154, 380, 3
699, 116.2939233, 40.07903898, 69343, 970, 13
61, 116.1765909, 40.09912929, 52151, 729, -5
773, 116.7375153, 40.20959886, 36500, 511, -2
384, 116.1374932, 39.66663267, 16770, 235, -35
1824, 116.4243493, 39.9685072, 88033, 1232, -2
305, 116.0462943, 40.03885287, 18311, 264, 8
1487, 116.3200042, 39.79753552, 51626, 722, 0
578, 116.3852162, 39.83778341, 87382, 1222, 3
497, 116.1765909, 39.61624124, 16436, 235, 13
454, 116.5939652, 40.01875684, 45671, 658, 3
177, 116.7897171, 40.35015195, 17356, 248, 20
907, 116.3852162, 39.95845553, 110165, 1542, -6
1104, 115.9160907, 39.71699862, 15008, 216, 8
1316, 116.4765328, 39.91824252, 87532, 1226, 7
166, 116.1765909, 40.08908436, 77508, 1084, 14
395, 116.2417688, 39.87801878, 56977, 805, 18
512, 116.5809161, 40.2899189, 27919, 403, 39
1545, 116.2156955, 40.18951644, 31339, 439, 3
293, 116.1896251, 39.88807577, 45637, 658, 24
575, 116.1244622, 40.2296802, 25356, 358, 17
706, 116.3852162, 40.15939055, 43528, 621, 19
1436, 116.1896251, 40.17947479, 29903, 418, -26
1178, 116.1244622, 39.94840323, 36898, 522, 16
221, 116.4113045, 39.86796106, 85757, 1201, 41
431, 116.868018, 40.11921792, 26526, 382, 17
895, 116.1114321, 39.79753552, 46566, 658, 4
1357, 116.5417702, 39.87801878, 47529, 679, 10
1526, 116.3069634, 39.84784339, 82529, 1167, 0
1531, 116.4634864, 39.93835031, 100774, 1411, -10
1107, 116.2548064, 40.09912929, 37621, 542, 26
1450, 116.6461635, 40.12926163, 61201, 856, 0
881, 116.4504403, 39.78747148, 26287, 375, 15
579, 116.6722636, 39.91824252, 64655, 904, 21
1734, 116.3852162, 39.91824252, 182722, 2558, 0
1640, 116.1635576, 39.93835031, 123193, 1724, -21
1840, 116.4243493, 40.10917381, 86720, 1214, 8
447, 116.1765909, 39.90818763, 55275, 797, 39
53, 116.2548064, 39.90818763, 91272, 1277, 22
1021, 116.828868, 40.37022889, 32599, 456, -21
1746, 115.9942008, 40.00870803, 18496, 264, 2
1320, 116.2548064, 40.24976058, 47465, 685, 7
125, 116.3591298, 40.02880511, 97110, 1373, 11
519, 116.620064, 39.95845553, 35873, 517, 26
1525, 116.620064, 40.36019045, 36499, 516, 8
1644, 116.2026599, 39.80759871, 32029, 448, 0
354, 116.7244649, 39.81766108, 40488, 578, 7
830, 116.6983641, 39.86796106, 46279, 654, 10
665, 116.5939652, 39.72706891, 21629, 312, 10
618, 116.2548064, 39.92829675, 120240, 1717, 1
252, 116.3460874, 40.07903898, 38417, 549, 23
1706, 116.3330455, 39.75727422, 37556, 542, 3
591, 116.2939233, 39.89813205, 123883, 1734, 0
1250, 116.2939233, 40.03885287, 79280, 1109, 7
509, 116.620064, 40.10917381, 35735, 510, 8
456, 116.4634864, 39.65655647, 22355, 322, 8
278, 116.1896251, 39.75727422, 40513, 560.66, 27
1380, 116.6722636, 40.27987959, 33739, 477, 20
1114, 116.2026599, 40.03885287, 66408, 930, 0
819, 116.3460874, 39.71699862, 35823, 511, 19
1618, 116.5026268, 39.79753552, 30555, 432, 13
892, 116.2548064, 40.08908436, 100151, 1401, -45
915, 116.5678672, 39.94840323, 62642, 877, 6
1711, 116.1374932, 39.81766108, 49768, 697, 9
1174, 116.2287318, 40.11921792, 60839, 852, 12
721, 115.9811798, 39.9685072, 15195, 219, 18
389, 116.6461635, 39.90818763, 40224, 562, 32
1268, 116.2417688, 39.95845553, 150112, 2101, 16
100, 117.2593655, 40.19955779, 21683, 309, 19
109, 116.5939652, 39.70692738, 21577, 310, 2
1177, 116.5417702, 40.06899316, 42140, 590, 22
1062, 116.6853138, 40.13930497, 31964, 460, 7
969, 116.4373946, 39.87801878, 131998, 1848, 49
747, 116.1896251, 39.78747148, 45859, 661, 10
1595, 116.3330455, 39.81766108, 54918, 769, 4
41, 116.2678448, 39.87801878, 65339, 914, -1
1616, 116.2156955, 40.13930497, 65926, 922, 1
1311, 116.8549682, 40.38026729, 30925, 433, -8
304, 116.4634864, 40.16943283, 48646, 681, 1
1040, 116.6070145, 40.02880511, 31696, 444, 5
1663, 116.2939233, 39.66663267, 23994, 339, 3
10, 116.5809161, 40.07903898, 39548, 565, 28
733, 116.3200042, 39.94840323, 101230, 1416, 14
688, 116.3721728, 39.65655647, 16659, 237, 3
1607, 116.6722636, 39.87801878, 54803, 790, 5
627, 116.2808837, 39.92829675, 88304, 1236, -7
1427, 116.5287221, 40.17947479, 33690, 471, 1
1467, 116.2678448, 39.73713826, 41600, 582, -6
651, 116.3852162, 39.90818763, 182792, 2559, 15
663, 116.620064, 39.82772264, 20739, 298, 96
562, 116.4765328, 39.98860877, 64836, 908, 2
1110, 116.3069634, 40.18951644, 41982, 588, -7
36, 115.9030762, 39.95845553, 14630, 206, 11
154, 116.7114145, 40.03885287, 60014, 848, 1
1181, 116.5287221, 39.93835031, 58375, 817, 1
1428, 116.5809161, 39.7774066, 47931, 678, 45
1513, 116.4113045, 39.99865868, 57360, 802, 1
551, 116.3069634, 39.88807577, 73673, 1031, 38
1031, 116.3721728, 39.67670784, 16997, 237, -33
664, 116.1896251, 39.92829675, 63965, 896, 20
1005, 116.1114321, 39.90818763, 59983, 840, 0
339, 116.2808837, 39.95845553, 170470, 2387, 111
1896, 116.4504403, 39.90818763, 88777, 1243, 9
659, 116.7114145, 39.89813205, 62564, 876, 21
1152, 116.1896251, 40.13930497, 60102, 841, 0
1147, 116.1244622, 40.19955779, 27088, 386, 22
478, 116.5939652, 39.79753552, 40067, 560, 5
1733, 116.1114321, 39.71699862, 33295, 480, 5
114, 116.0853743, 39.98860877, 27648, 398, 16
376, 116.3591298, 39.76734085, 37157, 536, 39
847, 116.6331137, 39.75727422, 34839, 502, 9
527, 116.9985054, 40.42042068, 20335, 284, -26
135, 116.4895796, 40.14934794, 46483, 663, 12
1098, 116.3852162, 39.71699862, 31804, 454, 7
1014, 115.9421232, 39.63640098, 13692, 195, 0
705, 116.7636163, 40.42042068, 13904, 199, 0
445, 116.9985054, 40.18951644, 29263, 422, 14
239, 116.6592135, 39.89813205, 41881, 604, 7
1234, 116.2026599, 40.2296802, 31619, 456, 7
56, 116.4634864, 39.78747148, 62317, 872, -4
896, 116.150525, 39.64647925, 16272, 235, 27
1382, 116.8419182, 40.25980045, 13512, 190, 0
1067, 116.2287318, 40.29995806, 59591, 834, 7
182, 116.2808837, 39.90818763, 134072, 1876, 15
1537, 116.5678672, 40.15939055, 32689, 471, 11
477, 117.0376461, 40.07903898, 27334, 394, 19
65, 116.4373946, 40.45053593, 21430, 300, -1
1247, 116.2939233, 39.72706891, 40364, 582, 14
459, 116.5026268, 39.90818763, 70928, 992, 16
1456, 116.3069634, 39.87801878, 83120, 1164, 0
84, 116.3069634, 39.71699862, 40562, 567, -15
405, 116.2939233, 39.64647925, 35642, 514, 26
406, 116.6853138, 40.29995806, 26475, 378, 4
209, 116.5678672, 39.74720669, 21629, 312, 11
463, 116.4243493, 39.63640098, 35791, 516, 12
810, 116.3460874, 39.91824252, 184489, 2582, 29
1134, 116.4634864, 40.00870803, 87852, 1230, 0
1855, 116.4373946, 39.94840323, 118043, 1652, 0
424, 116.8810677, 40.29995806, 32708, 458, -5
1547, 116.2678448, 39.92829675, 45257, 652, 6
1010, 116.1896251, 39.97855828, 71713, 1024, 1
923, 115.955141, 39.65655647, 29711, 428, 18
1223, 116.620064, 40.12926163, 34885, 502, 14
1923, 116.1374932, 40.09912929, 51629, 729, 12
1243, 116.1896251, 40.2296802, 39354, 567, 17
711, 116.6331137, 40.33007471, 37028, 529, 23
955, 116.1896251, 39.94840323, 54218, 774, 16
474, 116.7375153, 39.8579026, 37493, 530, 15
449, 116.4634864, 39.87801878, 72494, 1015, 7
1794, 116.0984028, 39.94840323, 67538, 945, -17
1780, 116.2808837, 39.9685072, 189386, 2651, 15
1055, 116.0332695, 39.65655647, 20191, 291, 9
1076, 116.6461635, 39.80759871, 39755, 573, 17
518, 116.5939652, 40.04890012, 43339, 625, 4
179, 116.2156955, 39.9685072, 64928, 918, 0
95, 116.3200042, 40.18951644, 24150, 338, -11
1530, 116.3982601, 40.15939055, 58520, 819, 15
1883, 116.8158178, 39.86796106, 25859, 373, 12
1211, 116.6722636, 39.94840323, 41766, 602, 11
486, 116.4243493, 39.91824252, 101186, 1417, 0
638, 116.3982601, 39.58599345, 36518, 516, 6
1666, 116.3200042, 39.90818763, 143556, 2009, 33
351, 116.2026599, 40.06899316, 69719, 975, 8
1309, 116.2939233, 39.80759871, 80226, 1123, 14
855, 116.4243493, 39.81766108, 50497, 706, 0
1071, 116.5678672, 40.03885287, 72074, 1009, -3
848, 116.6592135, 39.75727422, 30358, 429, 6
277, 116.3591298, 39.54564717, 30986, 447, 8
181, 116.7505658, 39.90818763, 35921, 518, 16
1737, 116.3200042, 40.2397205, 45008, 630, -3
1732, 116.3460874, 39.73713826, 37679, 528, -1
1244, 116.9071666, 40.12926163, 21516, 310, 16
630, 115.9942008, 39.71699862, 27013, 378, 0
1392, 116.2287318, 39.65655647, 31622, 456, 9
222, 116.3200042, 39.72706891, 42039, 594, 11
982, 116.3982601, 39.66663267, 16492, 237, 17
599, 116.7505658, 39.79753552, 25256, 354, 0
1208, 116.6592135, 39.98860877, 57982, 811, 13
536, 115.9421232, 39.60615975, 13692, 195, 0
571, 116.6592135, 39.70692738, 31708, 452, 29
116, 116.4113045, 40.72164451, 20794, 300, 13
1198, 116.5417702, 40.13930497, 63944, 895, 0
546, 116.2808837, 40.24976058, 31407, 453, 15
352, 116.4243493, 40.01875684, 121322, 1698, 10
1650, 116.4634864, 39.9685072, 79158, 1108, -11
1125, 116.5156743, 39.86796106, 81635, 1142, -3
607, 115.9681599, 39.63640098, 13692, 195, 0
1805, 116.0462943, 40.32003595, 14530, 204, -10
954, 116.5417702, 39.90818763, 58786, 823, 23
1721, 116.4243493, 39.79753552, 47108, 660, -1
951, 116.5678672, 40.20959886, 52784, 762, 1
764, 116.0853743, 39.94840323, 32854, 464, 7
1614, 116.5678672, 39.95845553, 78976, 1105, -16
270, 116.1244622, 40.09912929, 57898, 818, 18
1190, 116.2026599, 40.13930497, 60102, 841, 5
469, 116.2808837, 39.74720669, 40730, 588, 19
1102, 116.5287221, 39.89813205, 52253, 739, 11
545, 116.1374932, 40.26984011, 24340, 344, 22
739, 116.8810677, 39.76734085, 25859, 373, 20
1426, 116.1765909, 39.79753552, 40726, 570, -6
1204, 116.5809161, 39.67670784, 21577, 310, 5
156, 116.5678672, 39.89813205, 46272, 667, 10
1142, 116.4765328, 40.01875684, 102248, 1431, 0
1753, 116.3460874, 40.03885287, 92916, 1300, 6
1742, 116.1765909, 40.14934794, 38458, 554, 2
1025, 116.5026268, 40.05894688, 94028, 1316, 0
224, 115.695007, 39.60615975, 32503, 459, 18
1499, 116.2026599, 40.15939055, 65926, 922, -5
702, 116.5939652, 40.19955779, 36050, 514, 30
1801, 116.3460874, 40.01875684, 93751, 1312, 6
242, 116.150525, 39.63640098, 16272, 235, 17
1460, 116.2287318, 40.06899316, 71130, 996, -27
1712, 116.4504403, 39.98860877, 86998, 1218, 8
559, 116.3721728, 39.95845553, 178875, 2504, -21
1978, 116.3330455, 39.70692738, 33107, 477, 12
1287, 116.1765909, 39.89813205, 37538, 525, -32
29, 116.7375153, 39.98860877, 37021, 518, -3
1858, 116.0593201, 40.19955779, 26817, 386, 12
158, 116.7766667, 40.24976058, 36500, 511, -1
1003, 116.3982601, 40.01875684, 93313, 1306, -17
419, 116.868018, 40.20959886, 30492, 427, -8
138, 116.2287318, 40.17947479, 22914, 331, 20
1613, 116.2287318, 39.57590861, 31079, 435, -4
34, 116.4895796, 39.87801878, 103078, 1443, 0
496, 116.150525, 40.24976058, 27882, 402, 16
372, 116.1765909, 39.73713826, 41650, 583, 27
147, 116.5287221, 39.87801878, 66326, 928, 1
943, 116.5417702, 39.73713826, 28309, 400, 8
525, 116.2417688, 39.84784339, 55223, 781, 17
358, 116.0984028, 40.11921792, 58483, 818, 11
231, 117.0506923, 40.19955779, 52466, 750, 34
704, 116.3460874, 39.89813205, 133857, 1892, 6
451, 115.8380204, 39.79753552, 15160, 216, 9
1560, 116.3852162, 40.13930497, 54158, 774, 4
1093, 116.6070145, 40.15939055, 33288, 465, -4
1165, 116.3460874, 39.62632165, 32788, 463, 29
1185, 116.6461635, 39.83778341, 40563, 573, 12
936, 116.3721728, 40.17947479, 28172, 398, 20
1756, 116.4504403, 39.97855828, 109261, 1530, 0
165, 116.0202456, 39.87801878, 35523, 507, 7
1402, 115.9291064, 39.67670784, 30011, 428, 7
1655, 116.3982601, 39.89813205, 130331, 1843, 23
1844, 116.3460874, 39.88807577, 128465, 1798, 9
1678, 116.5156743, 39.99865868, 63823, 894, 0
2, 116.6070145, 39.89813205, 46804, 668, 21
1686, 116.4113045, 40.06899316, 51488, 721, -5
1505, 116.3069634, 39.67670784, 24479, 343, -3
369, 116.0072227, 39.68678201, 16393, 236, 5
1112, 116.6461635, 39.84784339, 39755, 573, 21
977, 116.5678672, 39.81766108, 36237, 523, 13
1567, 116.6331137, 39.90818763, 41878, 604, 2
1007, 116.7636163, 39.63640098, 22193, 320, 3
980, 116.1114321, 39.62632165, 17582, 246, -4
295, 115.9160907, 40.43045906, 24575, 354, 9
170, 115.7339949, 39.73713826, 15468, 216, -8
137, 116.7244649, 40.21963965, 35774, 511, 8
1149, 116.3982601, 40.05894688, 79386, 1111, 21
1588, 116.150525, 39.69685518, 51413, 741, 5
78, 116.6070145, 40.11921792, 16352, 234, 50
1575, 116.3852162, 40.02880511, 102818, 1440, 6
673, 116.0853743, 39.74720669, 58517, 836, 8
1557, 116.4634864, 40.08908436, 47297, 682, 19
1030, 116.4504403, 39.86796106, 63492, 889, -44
639, 116.2808837, 39.51537506, 27435, 387, 1
6, 116.4504403, 39.69685518, 26449, 374, 18
732, 116.5026268, 39.69685518, 44006, 634, 8
1606, 116.3591298, 39.60615975, 54005, 763, 16
751, 115.9942008, 40.2899189, 14241, 204, 2
1561, 116.3982601, 39.93835031, 191254, 2677, 2
1881, 116.620064, 40.37022889, 37814, 529, 12
1438, 116.7505658, 39.75727422, 25003, 354, 8
902, 116.3200042, 39.71699862, 39215, 549, 13
1374, 116.2026599, 40.08908436, 68659, 961, 5
853, 116.5026268, 39.84784339, 58750, 822, 0
614, 116.0723467, 39.70692738, 33289, 475, 25
145, 116.7114145, 39.82772264, 41310, 578, 16
1762, 116.2678448, 39.76734085, 42368, 592, -8
1049, 116.2939233, 40.18951644, 55252, 774, 31
152, 116.0462943, 39.57590861, 20863, 301, 3
1610, 116.5809161, 39.82772264, 25255, 354, -8
886, 116.4113045, 39.82772264, 44759, 626, -3
1236, 116.2939233, 39.94840323, 133054, 1863, 11
1694, 116.5156743, 39.74720669, 43645, 624, 2
500, 116.4504403, 39.95845553, 85449, 1196, 24
261, 116.150525, 39.79753552, 37482, 541, 20
439, 116.1765909, 39.71699862, 53014, 757, 17
1072, 116.9985054, 40.14934794, 30160, 422, -10
0, 116.5548186, 39.76734085, 62166, 878, 30
426, 116.1765909, 40.2296802, 39752, 567, 22
425, 116.4765328, 40.12926163, 77675, 1087, 2
1281, 116.3721728, 39.91824252, 197182, 2760, 10
804, 116.6592135, 40.06899316, 35140, 507, 20
1306, 116.4243493, 39.70692738, 46657, 660, 9
1444, 116.5026268, 40.08908436, 84748, 1186, 6
822, 116.5548186, 39.93835031, 55997, 792, 10
1565, 116.0984028, 40.48065176, 24172, 338, 4
1598, 116.0462943, 39.71699862, 25265, 354, -4
836, 116.5156743, 39.95845553, 77630, 1087, 2
900, 116.5026268, 40.40034399, 25843, 362, 1
167, 116.2678448, 40.15939055, 44814, 639, 17
745, 116.3330455, 39.66663267, 29485, 426, 10
421, 116.3721728, 40.02880511, 100825, 1425, 6
1502, 116.5809161, 40.18951644, 33690, 471, -8
1508, 116.7114145, 40.19955779, 34801, 487, 0
1725, 116.3591298, 39.75727422, 38294, 536, -2
1016, 116.6722636, 39.81766108, 40563, 573, 18
753, 116.2417688, 39.97855828, 87805, 1228, 2
1738, 116.7375153, 40.33007471, 25886, 366, 10
1903, 116.3721728, 40.01875684, 138335, 1936, 0
609, 116.4895796, 39.79753552, 71377, 999, 4
1206, 116.3330455, 40.16943283, 38626, 541, -7
14, 116.2808837, 40.09912929, 32351, 466, 14
839, 116.4373946, 39.88807577, 102502, 1435, 157
1933, 116.6331137, 40.10917381, 45787, 661, 12
1113, 116.3460874, 40.02880511, 96556, 1351, 7
555, 117.0376461, 40.40034399, 30824, 435, 12
324, 116.5287221, 40.00870803, 69651, 975, 27
521, 116.4634864, 40.03885287, 84226, 1179, 9
487, 116.2678448, 39.90818763, 115553, 1650, 95
399, 116.2026599, 40.20959886, 31728, 448, 17
1945, 116.620064, 39.88807577, 46830, 655, 12
1157, 116.2678448, 40.07903898, 114906, 1609, 2
1197, 116.6331137, 39.95845553, 50640, 716, 18
57, 116.3460874, 39.97855828, 134321, 1880, 12
1154, 116.1765909, 40.04890012, 60190, 859, 15
1070, 116.2287318, 40.20959886, 45448, 643, 9
1385, 116.2939233, 40.00870803, 101472, 1420, -15
1148, 116.1244622, 39.64647925, 16436, 235, 4
628, 116.3069634, 40.20959886, 33155, 464, -10
1673, 116.4765328, 40.04890012, 84226, 1179, -3
1225, 116.9463134, 40.27987959, 28496, 403, 5
813, 116.2417688, 40.03885287, 116572, 1632, 0
833, 116.7505658, 40.14934794, 29977, 432, 16
187, 116.4765328, 39.61624124, 23039, 322, -4
168, 116.4243493, 40.11921792, 45662, 658, 3
1994, 116.3330455, 39.93835031, 147206, 2060, 1
558, 116.4243493, 39.73713826, 45893, 655, 12
1265, 116.2417688, 39.68678201, 32590, 456, 1
1409, 116.150525, 39.74720669, 31903, 460, 11
1285, 116.5939652, 39.67670784, 21577, 310, 13
513, 116.3330455, 40.02880511, 131739, 1844, 22
1556, 116.1896251, 39.81766108, 42681, 615, 10
1290, 116.7636163, 39.99865868, 36284, 518, 11
1911, 116.4895796, 39.8579026, 72344, 1012, 0
1928, 116.2287318, 39.89813205, 65180, 921, 9
1389, 116.3721728, 40.09912929, 36673, 518, 16
412, 116.4373946, 39.81766108, 59941, 838, 13
1153, 116.1374932, 40.06899316, 77508, 1084, 1
119, 116.2026599, 39.93835031, 75891, 1072, 0
1916, 116.6592135, 40.02880511, 31342, 447, 12
1700, 116.3982601, 39.98860877, 97196, 1360, -3
926, 116.5026268, 39.7774066, 34584, 494, 5
498, 116.4113045, 39.94840323, 157068, 2198, 17
596, 116.0202456, 39.69685518, 19888, 284, 17
594, 116.620064, 40.15939055, 33288, 465, 9
317, 116.0984028, 40.37022889, 11822, 166, 0
1660, 116.4504403, 39.91824252, 115705, 1620, 0
1218, 116.6592135, 40.09912929, 39559, 559, 2
1084, 116.1635576, 40.09912929, 52151, 729, 0
1106, 116.5417702, 39.84784339, 29742, 416, -9
1718, 116.2417688, 40.15939055, 54465, 786, 1
543, 116.6461635, 40.32003595, 28297, 408, 47
1083, 116.2548064, 39.7774066, 35704, 514, 19
1563, 116.5939652, 39.80759871, 80605, 1128, 1
1035, 116.5548186, 40.00870803, 123116, 1723, -5
467, 116.3330455, 39.99865868, 55420, 776, 21
215, 116.5287221, 39.90818763, 51213, 739, 6
856, 116.5939652, 39.8579026, 55309, 798, 30
9, 115.9681599, 39.69685518, 22999, 325, 16
39, 116.2939233, 39.73713826, 49396, 691, -4
695, 116.3460874, 40.54088668, 21004, 300, 5
27, 116.4895796, 40.61116961, 25585, 362, 23
1396, 116.3330455, 40.01875684, 101986, 1428, -7
816, 116.3591298, 39.9685072, 118415, 1658, 0
133, 116.4895796, 39.82772264, 53132, 758, 13
1430, 116.4504403, 39.82772264, 83200, 1165, 0
605, 116.6461635, 39.98860877, 82202, 1162, 0
1517, 115.8250128, 39.61624124, 32178, 459, 8
1796, 116.620064, 39.86796106, 50370, 705, -4
264, 116.5548186, 39.86796106, 51991, 750, 59
214, 115.9811798, 39.79753552, 14404, 205, 8
1833, 116.7244649, 40.13930497, 30502, 440, 12
1940, 116.3069634, 39.89813205, 115957, 1623, 0
1483, 116.2417688, 39.66663267, 32264, 456, 1
1032, 116.4895796, 39.95845553, 88205, 1234, 0
1004, 116.6853138, 39.8579026, 46264, 648, 17
790, 116.2548064, 40.01875684, 114893, 1608, 1
1202, 116.4634864, 39.80759871, 67031, 938, 9
633, 116.1374932, 40.10917381, 57898, 818, 28
1193, 116.7505658, 40.21963965, 36135, 511, 7
941, 116.2678448, 39.95845553, 88923, 1245, 61
364, 116.7375153, 39.84784339, 40897, 578, 25
1011, 116.3721728, 39.92829675, 171435, 2400, 5
983, 116.3982601, 40.09912929, 51430, 741, 4
1763, 116.7897171, 39.76734085, 39278, 549, -10
775, 116.6592135, 40.21963965, 31157, 435, 12
235, 116.3852162, 39.51537506, 31934, 447, -6
1089, 116.3069634, 39.94840323, 127309, 1782, 1
287, 116.4895796, 40.01875684, 145226, 2032, 8
978, 117.1028728, 40.08908436, 22588, 316, 13
1136, 116.1896251, 39.64647925, 53014, 757, 17
586, 116.3460874, 40.05894688, 78979, 1105, -9
313, 116.2417688, 40.44049747, 21430, 300, -28
1657, 116.3200042, 40.10917381, 51068, 729, 15
761, 116.2026599, 40.27987959, 25291, 361, 9
373, 116.4634864, 40.2296802, 35794, 516, 9
1085, 116.3460874, 39.99865868, 133293, 1866, 23
1529, 116.1896251, 39.99865868, 90464, 1266, -9
1716, 116.1896251, 40.10917381, 84848, 1188, 14
726, 116.5417702, 39.78747148, 79648, 1114, 13
299, 116.2808837, 39.8579026, 69925, 979, 23
604, 115.8770504, 39.59607716, 20764, 290, -1
1259, 116.5287221, 39.83778341, 50990, 721, 3
1272, 116.0332695, 40.47061306, 23930, 338, 12
676, 116.4373946, 39.58599345, 36887, 516, -7
265, 116.3982601, 39.69685518, 27395, 391, 50
1284, 116.4243493, 39.95845553, 89480, 1252, -5
1951, 116.2287318, 40.00870803, 121630, 1702, 10
1929, 116.0853743, 39.9685072, 32600, 470, 12
1415, 116.5156743, 40.07903898, 94102, 1317, 0
1638, 116.3982601, 39.94840323, 129223, 1809, 12
1760, 116.6592135, 40.15939055, 50039, 700, -6
1600, 116.5156743, 39.91824252, 126404, 1770, 12
749, 116.6070145, 40.34011337, 33803, 482, 8
603, 116.1635576, 39.73713826, 39202, 565, 14
642, 116.2808837, 39.66663267, 34038, 486, 12
51, 116.4113045, 39.72706891, 45728, 660, 8
617, 116.4373946, 39.91824252, 128917, 1804, 1
918, 116.0332695, 39.70692738, 19888, 284, 15
184, 116.4243493, 39.90818763, 137542, 1926, 36
1876, 116.2026599, 40.09912929, 68659, 961, 10
585, 116.7244649, 40.00870803, 37374, 523, -6
1630, 116.620064, 40.05894688, 34773, 492, 5
661, 116.1374932, 39.90818763, 68788, 963, 32
1681, 116.2287318, 39.91824252, 82135, 1149, 5
962, 116.5026268, 39.82772264, 28930, 417, 8
554, 116.2678448, 39.86796106, 57462, 804, 5
194, 116.2156955, 40.05894688, 69924, 988, 14
1648, 116.3460874, 39.68678201, 28226, 399, 1
77, 116.3982601, 39.99865868, 171452, 2400, 0
622, 116.4765328, 39.7774066, 54508, 778, 3
1420, 116.5026268, 39.67670784, 22581, 322, 4
846, 116.0332695, 39.86796106, 36244, 507, -15
1584, 115.9942008, 39.76734085, 15982, 223, -2
1624, 116.5156743, 39.98860877, 61841, 865, -7
1167, 116.2026599, 39.67670784, 52484, 757, 9
1280, 116.4243493, 40.14934794, 29889, 430, 16
237, 116.1374932, 39.92829675, 47332, 676, 18
540, 116.2939233, 39.88807577, 88272, 1235, 43
1042, 116.3721728, 39.93835031, 188776, 2642, 0
321, 116.1896251, 39.83778341, 48152, 694, 48
626, 116.1765909, 39.75727422, 41526, 581.03, 4
703, 116.4634864, 39.8579026, 108362, 1516, 0
1953, 116.6983641, 39.80759871, 40083, 578, 12
1421, 116.4765328, 39.79753552, 64342, 900, -11
1841, 116.8810677, 39.7774066, 25859, 373, 12
475, 116.7897171, 40.19955779, 28344, 397, -14
328, 116.2417688, 39.93835031, 105845, 1482, 16
432, 116.3982601, 39.88807577, 207907, 2940, 115
1235, 116.3200042, 39.9685072, 151579, 2121, 0
1646, 116.4243493, 39.83778341, 82411, 1165, 1
893, 116.5809161, 40.34011337, 22456, 314, 2
1900, 116.3200042, 40.06899316, 65154, 921, 0
139, 116.0202456, 39.72706891, 19689, 284, 22
155, 116.1765909, 39.91824252, 52247, 739, 5
724, 116.6983641, 40.00870803, 37000, 523, 12
990, 116.5417702, 39.80759871, 13696, 195, 0
927, 116.4243493, 40.2296802, 34005, 481, 35
298, 116.2678448, 40.01875684, 102350, 1432, 37
404, 116.5287221, 39.92829675, 76772, 1075, 2
1289, 116.0984028, 39.89813205, 30781, 430, -3
973, 116.6722636, 39.90818763, 40289, 576, 36
442, 116.7375153, 40.24976058, 36500, 511, -14
1772, 116.3721728, 40.00870803, 161603, 2262, 15
1118, 116.3069634, 39.99865868, 157313, 2202, 0
415, 116.8549682, 39.81766108, 25859, 373, 9
1347, 116.3460874, 40.08908436, 65984, 924, 6
1207, 116.1896251, 40.2397205, 38163, 550, 12
735, 116.6070145, 39.90818763, 53098, 751, 3
1867, 116.4113045, 40.03885287, 52307, 739, 12
640, 116.6592135, 39.65655647, 31101, 448, 11
506, 116.5548186, 40.04890012, 46180, 652, 2
1310, 116.4634864, 39.82772264, 49240, 709, 32
1242, 116.2939233, 39.86796106, 54637, 788, 18
713, 116.3330455, 39.67670784, 30084, 426, 1
219, 115.9681599, 40.45053593, 30079, 424, 16
468, 116.2287318, 40.02880511, 69212, 968, 0
1033, 116.1896251, 39.91824252, 54999, 777, 64
387, 116.2156955, 40.02880511, 68520, 968, 10
549, 116.4373946, 40.14934794, 47201, 681, 4
1741, 116.6461635, 39.89813205, 42446, 612, 10
4, 116.3721728, 40.07903898, 70689, 989, -9
1160, 116.3591298, 39.99865868, 109037, 1526, 0
838, 116.4373946, 39.9685072, 111031, 1554, 1
190, 116.6331137, 40.02880511, 35700, 505, 23
446, 116.1896251, 39.82772264, 36284, 497.61, 23
428, 116.8419182, 39.68678201, 38496, 549, 8
211, 116.3200042, 39.68678201, 44653, 644, 25
1676, 116.3069634, 39.48509191, 22786, 328, 3
62, 116.6592135, 39.88807577, 54111, 765, 25
1371, 116.1114321, 39.94840323, 30316, 424, -5
1572, 116.6853138, 39.91824252, 40468, 584, 8
507, 116.5939652, 39.88807577, 45572, 657, 18
1472, 116.620064, 39.87801878, 73318, 1026, 3
276, 116.7897171, 39.84784339, 26120, 373, 2
92, 115.9291064, 39.80759871, 20428, 295, 17
238, 116.3200042, 39.92829675, 135130, 1892, 7
481, 116.3591298, 39.7774066, 31146, 448, 20
201, 116.2808837, 39.94840323, 144698, 2025, 1
709, 116.5809161, 39.92829675, 56147, 794, 5
840, 116.3200042, 40.04890012, 97586, 1365, 53
1356, 116.7505658, 39.97855828, 35921, 518, 15
1131, 116.5417702, 39.82772264, 89473, 1252, 6
1239, 116.2678448, 40.18951644, 70296, 984, 0
834, 116.5548186, 39.84784339, 64822, 907, 0
185, 115.9811798, 39.72706891, 19355, 271, -12
570, 116.5548186, 39.63640098, 22237, 310, -12
159, 116.4373946, 39.97855828, 194399, 2721, 11
1522, 116.4895796, 39.98860877, 68845, 963, -3
1170, 116.6592135, 39.81766108, 40973, 573, -10
1723, 116.8027675, 40.17947479, 27502, 385.09, 0
213, 116.6983641, 40.08908436, 36581, 517, 20
174, 116.4113045, 39.78747148, 55458, 784, 73
1346, 116.5548186, 40.07903898, 25620, 362, 16
1484, 116.8941173, 39.78747148, 26650, 373, -14
1541, 116.3330455, 39.86796106, 84638, 1184, 8
1632, 116.3591298, 39.84784339, 73660, 1030, 2
762, 116.3069634, 40.16943283, 41562, 588, 2
400, 116.3982601, 39.80759871, 46899, 676, 27
136, 116.3982601, 40.19955779, 48340, 697, 38
1603, 116.4634864, 39.84784339, 53474, 771, 48
490, 116.5026268, 39.8579026, 61182, 856, -8
1807, 116.4243493, 39.64647925, 28196, 394, -4
1143, 116.2287318, 40.26984011, 25804, 361, 0
1253, 115.9681599, 40.37022889, 37697, 528, -5
1543, 116.5026268, 40.17947479, 31126, 435, 0
1817, 116.6461635, 39.64647925, 31415, 448, 4
1221, 116.0462943, 39.97855828, 28800, 403, -9
472, 116.6331137, 39.67670784, 26674, 373, 16
1065, 116.7114145, 40.29995806, 26210, 378, 7
1587, 116.4373946, 39.90818763, 89899, 1258, 1
1835, 116.2026599, 39.75727422, 54220, 782, 12
99, 116.6983641, 39.91824252, 55270, 789, 50
957, 116.3330455, 39.79753552, 48636, 702, 12
1384, 116.6592135, 39.90818763, 47312, 675, 9
1058, 116.1114321, 39.80759871, 45639, 658, 8
1339, 116.5548186, 40.20959886, 52784, 762, 18
1297, 116.2417688, 40.02880511, 114893, 1608, 15
1661, 115.9811798, 39.67670784, 21068, 295, -3
43, 116.2417688, 39.99865868, 110323, 1544, 0
504, 116.7505658, 40.11921792, 30586, 432, 12
1009, 116.3852162, 40.03885287, 97671, 1381, 16
47, 116.4504403, 40.10917381, 48258, 682, 48
417, 116.3721728, 39.9685072, 46810, 655, -32
1188, 116.2548064, 40.02880511, 89671, 1255, 12
1620, 116.3852162, 40.00870803, 123809, 1732, -8
129, 116.3982601, 39.50528192, 31934, 447, -7
1914, 116.5156743, 39.84784339, 52634, 759, 7
499, 116.3852162, 39.80759871, 53592, 757, 24
97, 116.2939233, 39.81766108, 55443, 800, 17
1806, 116.5678672, 39.7774066, 24419, 342, -13
413, 116.3721728, 39.73713826, 46210, 667, 14
891, 116.3591298, 40.05894688, 96904, 1357, -32
1275, 116.2026599, 39.8579026, 50105, 708, 36
1605, 116.4895796, 39.7774066, 25280, 354, 0
1044, 116.3591298, 39.80759871, 109609, 1534, 25
457, 116.6722636, 40.03885287, 31488, 454, 33
123, 116.828868, 40.06899316, 28345, 409, 3
397, 116.2026599, 40.26984011, 25291, 361, 17
1659, 116.6070145, 40.18951644, 36050, 514, 9
1815, 116.3460874, 39.95845553, 116554, 1632, -2
1400, 116.9593618, 40.05894688, 27434, 396, 12
654, 116.6983641, 39.97855828, 37374, 523, 1
1095, 116.6461635, 39.87801878, 43666, 630, 19
767, 116.4504403, 39.92829675, 94325, 1320, 6
1046, 116.2287318, 39.97855828, 31682, 457, 18
356, 116.8158178, 40.19955779, 27780, 385.09, 12
403, 116.8419182, 40.46057445, 13948, 201, 3
815, 116.2026599, 39.98860877, 77834, 1089, 14
878, 116.1765909, 40.07903898, 77508, 1084, 3
263, 116.1635576, 39.9685072, 76723, 1084, 11
368, 116.5287221, 39.60615975, 22498, 314, -20
266, 116.3069634, 39.83778341, 80461, 1127, 27
1090, 116.3852162, 39.87801878, 128311, 1796, 0
186, 116.3069634, 39.81766108, 64787, 907, 1
823, 116.4373946, 39.98860877, 81379, 1138, 7
22, 116.150525, 39.93835031, 48911, 698, 19
