OBs-ID,x-coordinate,y-coordinate,ob-price,capacity
513, 114.0957679, 22.56965336, 1599003.6262179841, 8
64, 114.0929666, 22.72529894, 2031004.4979400001, 1
656, 113.826686, 22.66530047, 1534948.09182, 1
592, 113.9421106, 22.57569068, 1629129.10611, 4
716, 114.4245496, 22.6284636, 1458780.63188, 1
672, 114.2755843, 22.74486627, 1272910.06227, 1
428, 114.4128062, 22.69650582, 1802199.3422399997, 1
781, 113.899928, 22.80795461, 879797.45535, 1
106, 114.0321467, 22.60364925, 989136.5897599999, 15
207, 113.8647422, 22.66483024, 1867692.3418999999, 1
479, 113.9426484, 22.73934999, 1636909.4799199998, 2
136, 114.1020648, 22.59017166, 756690.07095, 21
640, 114.0147148, 22.66305665, 1465403.0489999999, 2
421, 113.8922304, 22.79108217, 1842946.8557499999, 2
993, 113.8050573, 22.70254052, 931770.22356, 2
621, 113.9182386, 22.56843843, 1983302.8022500002, 9
942, 114.2435979, 22.58241509, 2211879.26553, 2
924, 114.1233485, 22.56924998, 1781502.67823, 10
731, 114.3109108, 22.66914078, 2093642.0633700003, 10
817, 113.8980972, 22.55150493, 1153150.92816, 12
767, 113.8563369, 22.74696049, 1920847.2244499999, 2
789, 113.932356, 22.56162924, 1792483.13541, 1
191, 113.896119, 22.72186615, 1213068.3422, 22
963, 113.928491, 22.52050551, 1264860.7332900004, 4
791, 114.2850418, 22.6886509, 1289129.5084800003, 2
336, 114.1011595, 22.56392718, 871013.8308777289, 18
681, 113.8982954, 22.70779894, 2039557.9165500002, 1
42, 114.0404776, 22.52785478, 934147.3363199999, 12
6, 114.433137, 22.6285556, 1702296.1859199996, 1
44, 113.9228696, 22.69469437, 1610300.6337, 1
775, 114.0189224, 22.74761867, 2186789.1302399994, 1
512, 113.9370425, 22.53714623, 1096048.6856, 1
873, 114.0158759, 22.61801678, 1514309.4061699999, 9
158, 114.2125284, 22.72475814, 1519306.8187, 2
797, 114.0079791, 22.60133834, 1416266.3888999997, 6
882, 114.0253108, 22.66369707, 874313.6688, 2
80, 114.3492044, 22.70813761, 1172702.5195600002, 1
327, 113.8948506, 22.55553054, 884670.455089007, 15
153, 114.0488191, 22.60469621, 690657.4718940558, 11
286, 114.0399778, 22.70672768, 1179363.58892, 1
753, 114.0622229, 22.57712159, 1133810.31357, 1
946, 114.0436966, 22.64983377, 1131877.70157, 1
936, 113.9417295, 22.570109, 1522777.4677499998, 1
186, 114.3517352, 22.72512387, 2203177.68, 6
289, 113.9461099, 22.74568305, 1457358.5515500002, 1
863, 114.3667324, 22.73473908, 1418163.5696799997, 2
994, 114.0831677, 22.5592743, 1930713.2087100002, 1
727, 113.8790227, 22.59653042, 2287181.8816000004, 1
26, 114.3607431, 22.75979014, 1225430.6169599998, 1
537, 113.9705889, 22.54983022, 1968239.7022199996, 1
937, 113.9032438, 22.72744574, 1594961.504457524, 1
669, 113.8059591, 22.72585783, 2018728.1224480774, 15
636, 114.3660499, 22.76604231, 1208583.07185, 1
848, 114.2829847, 22.67126173, 985516.16328, 5
282, 114.1143859, 22.69911255, 1927104.0558, 1
606, 114.0252461, 22.56778933, 1648962.5367600003, 1
563, 114.0709673, 22.52756307, 1023743.2286400001, 1
172, 113.8714992, 22.78752544, 1196542.89909, 10
578, 114.3125033, 22.7649677, 1503088.983, 1
280, 114.3890236, 22.75600408, 2203113.2596000005, 1
892, 113.9180301, 22.68796411, 588046.2960030865, 3
160, 114.0299919, 22.6668482, 728522.2510500001, 1
755, 114.2177822, 22.64129845, 1157702.2294199998, 1
944, 114.2246614, 22.68177281, 2043911.1250800001, 4
901, 114.0280747, 22.56038858, 1499264.02175, 8
562, 114.1119923, 22.58738683, 1164480.8660099998, 4
651, 113.9409297, 22.6785624, 1013526.1531999998, 3
468, 114.0395011, 22.60753726, 1014242.83015, 24
88, 113.8649922, 22.79720284, 826513.732, 14
114, 114.1622281, 22.57001282, 1316688.5555999998, 1
73, 113.7961225, 22.72937009, 1060198.733, 10
322, 113.8352106, 22.77728948, 1804595.7811200002, 2
206, 114.080648, 22.69997714, 2357400.1176, 2
346, 114.1242908, 22.59420024, 1742707.1028399998, 3
307, 113.8927351, 22.80211546, 976624.5375699999, 1
341, 113.9837854, 22.68785579, 1491380.8371671604, 3
279, 113.9351046, 22.57055094, 2227253.1939899996, 1
673, 114.0260963, 22.61527902, 1196608.9300000002, 4
674, 114.3385519, 22.75543252, 742946, 0
579, 114.2182204, 22.64907737, 1996885.84359, 1
553, 114.2469077, 22.56876552, 1552144.717108125, 12
11, 114.0658046, 22.54474181, 1603377.0512100002, 8
633, 113.8336617, 22.63291191, 1804760.05314, 7
928, 114.0109673, 22.53116917, 854346.7069015431, 4
582, 114.3783082, 22.75588524, 1211973.1954, 2
515, 114.1584063, 22.56203742, 1220243.16425, 11
391, 113.7822354, 22.70703794, 1691711.9142, 1
748, 114.0416775, 22.62253209, 583272, 0
168, 114.1130659, 22.65132133, 1262018.18314, 2
547, 113.8206971, 22.75419266, 966789.1530000002, 1
829, 114.3486816, 22.70118929, 1855462.1289600001, 2
202, 114.283724, 22.75135238, 923450.3289000001, 1
788, 114.1466665, 22.65385368, 1052229.9295199998, 1
291, 113.8962024, 22.57405691, 1548357.19808, 6
533, 114.5116099, 22.54292441, 1756048.5676799999, 1
223, 113.9608013, 22.6869296, 1706013.2430000002, 12
680, 114.2508291, 22.73397813, 1122586.66938, 1
361, 114.2519571, 22.69252101, 2162541.2916800003, 1
316, 114.3683956, 22.75704442, 1066028.7792, 2
438, 113.9853128, 22.56103544, 1631424.08286, 8
77, 113.9262857, 22.4872279, 1199458.9274704936, 3
262, 113.8961269, 22.51793372, 954373.7314100001, 2
350, 114.1203258, 22.55337499, 1822478.8841600004, 9
595, 114.2181855, 22.75663067, 1913406.6682499999, 1
142, 113.8262562, 22.78336177, 1532150.6359499998, 1
49, 113.9923093, 22.58984621, 2010966.4857507842, 10
100, 114.0978306, 22.69478757, 2119278.1615500003, 9
308, 114.0012656, 22.72803226, 1869541.20738, 2
118, 114.3072888, 22.67023618, 1908980.98677, 16
911, 113.981679, 22.72850334, 1324834.5151799999, 7
61, 114.0573383, 22.6047373, 818654.4431999999, 22
406, 113.8365017, 22.61054379, 1478834.7023999998, 1
82, 114.1080045, 22.61812467, 1949084.8641942618, 13
335, 114.214763, 22.67006742, 1844610.9286265962, 14
973, 113.933633, 22.52550055, 1870623.4701, 3
269, 113.9218083, 22.51883796, 1737392.3577008077, 9
437, 114.3024076, 22.66862423, 1108417.4024, 10
434, 113.9887725, 22.6637733, 1344692.1034800003, 1
373, 114.2981812, 22.60276444, 1062917.2738800002, 2
48, 114.0375051, 22.69082435, 1684657.8804, 3
831, 114.2196155, 22.74636217, 1285088.7388900002, 1
575, 114.3198028, 22.60277412, 1189261.7833800002, 1
58, 113.9205107, 22.61736685, 1013345.7760800001, 1
347, 114.1768958, 22.60025679, 904085.55666, 1
819, 114.3935944, 22.61657424, 2003023.4971999999, 1
676, 113.9222223, 22.78389786, 1700054.3560000001, 1
925, 114.0091498, 22.59127621, 1147212.9777900001, 1
732, 114.2387213, 22.56366033, 1760686.83648, 28
891, 114.2191936, 22.6864041, 1790838.8046999997, 1
110, 114.0587637, 22.53249916, 2149315.7835600004, 6
675, 114.2482186, 22.597762, 1031270.7523800002, 30
795, 113.89667, 22.77535293, 1405002.48196, 16
45, 114.1423071, 22.6301128, 1583200.58193, 4
548, 113.8409704, 22.62437861, 2074987.52604, 4
706, 113.8210521, 22.72300151, 1007489.96172, 9
883, 114.0845334, 22.55449314, 2365232.0277299997, 3
510, 114.4733986, 22.55212083, 1034366.1525999999, 1
989, 113.936611, 22.67894119, 1906683.2272267512, 5
31, 114.0644572, 22.65490436, 1516800.86514, 3
818, 114.3625294, 22.72891003, 991338.15693, 1
683, 113.9522202, 22.74086001, 1926215.05428, 3
580, 114.1274377, 22.60239706, 1449884.1746399999, 13
255, 114.2351296, 22.70908286, 1504501.4002699999, 1
677, 113.8891204, 22.53739654, 1099308.35784, 2
529, 114.2567155, 22.71858552, 1220285.0375100002, 1
623, 114.1272273, 22.69348192, 1594830.0746399998, 13
301, 113.9450204, 22.79503735, 1255080.1060600001, 4
661, 114.0545956, 22.61293956, 1165641.297788833, 18
485, 113.77963, 22.74116414, 1683348.5357699997, 1
467, 114.2549672, 22.57753579, 1870742.6478400002, 2
318, 113.8235234, 22.65109646, 1813727.37282, 1
929, 113.9058349, 22.77099762, 1880995.1545, 1
539, 113.9089654, 22.7268016, 1636231.45521, 1
816, 113.92475, 22.75002473, 2070681.0223, 1
401, 114.4249178, 22.63569076, 948165.2153599999, 2
314, 113.8540567, 22.62132675, 1487927.64186, 1
730, 114.1216101, 22.70860227, 1934209.6259199998, 1
749, 114.2650762, 22.59260631, 964906.46681, 12
409, 114.0211554, 22.71756814, 1378126.2910799999, 11
331, 114.1185974, 22.69455967, 1204448.8926800003, 4
498, 114.1092381, 22.55806886, 2119262.05645, 5
22, 114.1200256, 22.56292986, 1024550, 4
865, 114.0383256, 22.73710796, 1590984.1767600004, 1
57, 114.3712383, 22.74697943, 1727582.8034299999, 21
906, 114.0610122, 22.63303021, 1690987.1846999999, 15
572, 114.2818029, 22.58864071, 1463596.0567800002, 1
345, 114.0236759, 22.60839755, 1099545.10281, 1
934, 114.1057548, 22.59821631, 1514765.1805000002, 8
15, 113.8045813, 22.66852381, 1000213.6775400001, 6
333, 113.8504062, 22.60458662, 1946776.4354500002, 3
84, 114.1382922, 22.57066054, 2022349.6171999997, 9
616, 114.0095728, 22.68410389, 2078524.2060000002, 1
115, 113.8927493, 22.76804691, 1445311.93675, 17
402, 113.8728609, 22.57745346, 1926765.8487, 2
500, 113.8391301, 22.6959473, 1497581.0388, 1
896, 114.0574806, 22.53699791, 1356084.8960399996, 4
808, 113.8648179, 22.81262019, 1294192.9519200001, 1
850, 113.8686746, 22.79460203, 1202571.0380199999, 8
20, 113.8691683, 22.5938327, 2313458.9627600005, 1
477, 113.9821344, 22.54958485, 938920.8879599998, 4
561, 114.0254399, 22.71858525, 2043560.0339, 43
69, 114.0183449, 22.6386412, 2097898.6413000003, 2
694, 114.2008166, 22.65662947, 1532617.6838500001, 1
1, 114.3064406, 22.77130579, 1412681.5757197752, 13
568, 113.9771094, 22.55295138, 893256.4874199999, 24
840, 114.0711415, 22.58481421, 1766281.74822, 1
972, 113.9053659, 22.57987075, 766401.44625, 1
179, 114.2888605, 22.71543158, 2271770.91141, 2
151, 113.8918665, 22.54628175, 825249.48165, 1
566, 113.9345508, 22.57649825, 2220377.9268, 1
165, 114.1416898, 22.68866649, 1313652.74425, 2
981, 113.8415874, 22.63328315, 1889393.96415, 1
905, 114.087863, 22.62720595, 2129429.2060800004, 1
880, 114.1223451, 22.60760209, 1302384.00578, 2
904, 114.1172224, 22.59546438, 1853690.5679600001, 5
779, 113.8716275, 22.75540599, 1686055.7331618494, 21
159, 113.931978, 22.6304777, 1950855.8572800003, 4
956, 114.150488, 22.61391258, 1449149.78208, 1
898, 113.7794005, 22.71257294, 1722395.3507199998, 1
334, 113.7871258, 22.74874071, 1410265.62864, 1
802, 114.0610319, 22.71362, 1416353.35644, 20
405, 113.9444144, 22.68440914, 1090579.3441369375, 10
369, 114.1319117, 22.61247265, 1894259.3148600003, 2
970, 114.3040495, 22.77582958, 1086328.650712901, 12
555, 113.9978161, 22.59332402, 1448412.1685000001, 2
210, 113.863564, 22.77118378, 1500528.2721, 6
396, 113.8680464, 22.6059268, 1571042.84194, 1
659, 114.1008377, 22.70977353, 2239046.95872, 4
112, 113.9015615, 22.71955435, 1587106.2665520352, 13
135, 114.3291541, 22.76598871, 1283099.7590400001, 3
47, 114.2203198, 22.55590944, 1719928.0494, 17
109, 114.0790509, 22.54727143, 1729464.4457522263, 34
693, 113.8130972, 22.6713506, 916468.7680500002, 5
326, 113.9754926, 22.68904289, 1323658.0161124757, 17
745, 113.8464076, 22.74194233, 839887.4070400002, 1
97, 113.911984, 22.6724966, 1361563.8062399998, 1
612, 113.8232585, 22.73145729, 1223079.844910011, 13
53, 113.8893661, 22.5612539, 774035.2636500001, 26
385, 113.9310081, 22.75180357, 1842785.8047500001, 1
141, 114.0495329, 22.51773653, 1394152.4702772018, 3
869, 114.1697836, 22.60198124, 1903034.9838500002, 1
54, 114.4672776, 22.59444856, 815924.6287499999, 1
997, 113.9258007, 22.69787298, 850189.8395099998, 2
705, 113.9953941, 22.68750576, 1516887.83268, 1
714, 114.2175072, 22.66480641, 1745156.68855, 18
632, 113.9157343, 22.5349482, 878874.6331199999, 8
782, 113.9215797, 22.60903599, 1017901.9088699998, 1
728, 114.0656862, 22.64385302, 1512336.5314199997, 1
514, 114.0676919, 22.67689567, 1175768.9305999998, 1
591, 114.0518927, 22.5357264, 1318927.1644999997, 6
309, 113.94436, 22.77088278, 903523.4886700001, 3
440, 113.9937408, 22.6956048, 913300.8948800003, 1
950, 113.8756346, 22.78206316, 2031948.2568, 1
145, 113.9158069, 22.73178047, 1499204.4328800002, 2
81, 114.4878043, 22.5721, 1296979.13422, 1
903, 114.1042953, 22.54730183, 1765537.6926000002, 19
517, 114.1091996, 22.58050961, 1956898.4908, 18
857, 114.3035778, 22.7030569, 2149895.56716, 1
470, 113.980651, 22.70610151, 1361042.0010000002, 15
718, 113.949178, 22.68319431, 2147776.1360000004, 1
807, 114.3533694, 22.67641578, 1605253.29536, 5
67, 114.2219301, 22.66886258, 1941643.7400800004, 6
261, 114.3424492, 22.69627422, 1731902.1912500001, 1
319, 114.0648785, 22.66256822, 1244410.8803429578, 11
277, 114.0859619, 22.53889373, 1898680.1648100002, 9
113, 114.0492451, 22.56662297, 1015995.06503, 25
33, 113.8950865, 22.71774923, 526983, 4
986, 114.0189306, 22.72999684, 1628099.9902199998, 1
89, 113.884839, 22.81101354, 1239345.4233600001, 2
870, 114.1908585, 22.6355659, 1765861.4051100002, 4
508, 113.9451137, 22.52123953, 1048474.2202, 1
700, 114.0065176, 22.55598372, 2365232.0277299997, 2
232, 113.98464, 22.59929414, 2301291.55971, 12
868, 114.0294245, 22.67435697, 772823, 0
927, 114.1232007, 22.57802189, 1840714.6888899999, 5
102, 113.8870304, 22.73681777, 1208591.1243999999, 6
24, 113.8604257, 22.79841952, 952415.35125, 11
342, 113.9430537, 22.58455382, 1920349.5768600001, 2
961, 113.9671992, 22.57073075, 2079567.81648, 1
229, 114.5022922, 22.59605766, 1977062.0760000001, 1
388, 113.9625456, 22.5629959, 1854946.76576, 2
103, 113.9401341, 22.68797167, 1155669.7658, 3
478, 114.3051519, 22.73062758, 1611081.7310500003, 1
415, 113.9138098, 22.56441558, 2326729.56516, 4
776, 114.023298, 22.52682045, 1654821.5721399998, 1
637, 114.0041979, 22.73380776, 2311529.5717800003, 1
138, 114.4003552, 22.6188088, 1380352.0159, 1
315, 114.0431905, 22.55531317, 1890075.20988, 7
483, 114.0491343, 22.73364824, 2119398.9498, 1
357, 114.3547067, 22.74041881, 1875870.51168, 1
278, 114.3731557, 22.73982065, 2290019.6002199994, 2
98, 113.9426483, 22.55304371, 1739041.58208, 3
614, 114.0891034, 22.70606051, 1969359.5226000384, 10
966, 114.0994253, 22.61636306, 798941.8008000001, 1
979, 114.0430529, 22.56731939, 1524998.20827375, 4
374, 114.2642798, 22.72773757, 801115.9893, 7
439, 113.8286619, 22.71792127, 1510105.97507, 8
382, 114.1468689, 22.61050373, 1222853.5386395063, 3
365, 114.0216399, 22.55492223, 1208597.5664400002, 3
204, 114.2959773, 22.68899235, 1928282.9491200002, 14
321, 114.1061697, 22.60760021, 1093008.04272, 12
878, 114.3039921, 22.68977252, 1004631.984494071, 18
462, 113.9127626, 22.5052005, 1708648.03736, 2
796, 113.8403815, 22.61457115, 855446.54415, 1
967, 113.8603881, 22.78971246, 1125290.7156699998, 4
399, 114.1100798, 22.59688819, 1252281.03968, 10
862, 114.2587806, 22.57845399, 1366086.11832, 1
686, 113.866769, 22.77734068, 1264466.1011766975, 12
564, 114.3967988, 22.75156799, 1333761.5721099998, 1
194, 113.833333, 22.80163876, 846653, 0
92, 113.9714988, 22.5650794, 1351986.1032699998, 1
822, 114.3624828, 22.75343579, 2014084.4798800002, 5
311, 113.9856891, 22.52621558, 1936110.0277199997, 3
411, 113.8594129, 22.76057567, 2037411.10672, 18
641, 113.8551722, 22.73321983, 1161717.23085, 2
330, 114.3808979, 22.71648088, 736011.12255, 1
458, 113.9192366, 22.7682002, 1209766.7967, 2
23, 113.9185341, 22.74888894, 979220.6796899999, 1
241, 114.4051074, 22.77520683, 995530.3144599999, 1
185, 114.1283182, 22.59289349, 1262897.5215999999, 5
395, 113.9218466, 22.67235182, 1779355.8683999996, 1
338, 114.525409, 22.48126127, 1881861.6088799997, 1
746, 114.0503917, 22.5948486, 1932612, 8
787, 114.0180966, 22.54359192, 1500612.01862, 1
949, 113.9938053, 22.70191, 810754.89165, 1
198, 113.8347627, 22.70959186, 1136730.1682, 1
914, 114.3655375, 22.71653167, 1722295.4991000004, 1
163, 114.2624986, 22.59287108, 1761938.20275, 8
287, 114.3648628, 22.70474565, 1291274.7078000002, 1
786, 113.9700406, 22.55899902, 958420.94304, 1
426, 113.8553101, 22.7231099, 588768, 0
790, 114.0398046, 22.69945295, 1146420.60687, 1
187, 113.8159333, 22.72504131, 866644.4201800001, 4
128, 113.9191977, 22.54583536, 1097886.27751, 5
143, 113.9450728, 22.75703773, 739683.08535, 1
491, 113.8108448, 22.66372012, 1471980.9179704438, 13
284, 114.1518071, 22.6192441, 1973549.55369, 1
744, 113.9657104, 22.6806402, 1766141.63385, 1
119, 113.8833188, 22.57999628, 1056665.4126328125, 12
923, 113.8471295, 22.77254999, 729698.9675854633, 13
909, 114.1209247, 22.66358533, 1837601.57306, 1
667, 114.3038386, 22.71690076, 1141400.6472, 2
441, 113.888317, 22.70280065, 1217545.56, 1
785, 114.3541312, 22.75877108, 1512235.06929, 2
622, 114.0997403, 22.72885792, 2141314.76988, 4
476, 114.0209937, 22.53307745, 1108217.6991599998, 2
569, 113.9792634, 22.53515726, 1700183.1968, 19
75, 114.0125466, 22.74553954, 1430171.53224, 1
769, 114.0549154, 22.6874012, 1004281.8258000001, 1
978, 113.9585573, 22.70959755, 993626.6916400001, 12
16, 114.3833801, 22.69048805, 1136077.6374456622, 26
303, 114.0447841, 22.67738457, 1258123.96996, 1
976, 114.0461422, 22.69132248, 1956402.4537199999, 1
734, 114.2252403, 22.63378122, 1361138.6316, 1
988, 114.1094237, 22.61478813, 1238119.82525, 2
770, 113.9238649, 22.572151, 1518559.5420600001, 11
233, 113.8830857, 22.79706448, 1710893.0883, 1
27, 113.9843857, 22.73744168, 1234246.5487000002, 14
72, 114.2810814, 22.68512797, 872501.8450500001, 1
127, 114.0499415, 22.74479642, 1652467.0065199998, 1
55, 114.3066361, 22.60150689, 2055625.9748200001, 1
36, 114.1831931, 22.55817396, 1674054.28256, 2
174, 114.0111018, 22.54849473, 1907951.8708799998, 4
248, 114.3489082, 22.76434466, 1700746.8753000004, 15
453, 113.7931053, 22.67053428, 1040603.65783, 1
650, 114.1266964, 22.55171362, 1323436.5925, 8
339, 114.0493414, 22.5279925, 2090139.2041200004, 17
820, 114.4206344, 22.64119686, 998926.88005, 1
121, 114.2472398, 22.74332592, 2136792.4578000004, 1
921, 113.9964075, 22.73472008, 1618770.3057899997, 4
628, 114.0104162, 22.63111842, 1178429.49312, 9
8, 114.0669311, 22.71030324, 1069546.1330400002, 1
543, 114.2741171, 22.72922143, 1312514.1136800002, 12
759, 113.8687342, 22.77005729, 2004113.8124699998, 5
887, 114.0373938, 22.57578613, 970560.96742, 4
253, 114.0139728, 22.75095175, 1104281.61272, 18
577, 114.2847691, 22.67326189, 1267310.3190000001, 22
394, 114.0534658, 22.64360118, 2036715.3664, 2
475, 113.838392, 22.58838925, 1349652.4742800002, 1
800, 113.8542351, 22.71577031, 1831777.9688999997, 1
842, 113.8200876, 22.70560139, 1264540.2418000002, 1
178, 114.013588, 22.73071888, 1400399.64438, 1
496, 113.8383081, 22.81741923, 1460652.0444999998, 1
71, 113.8931278, 22.78134163, 986319.80777, 10
28, 113.8122844, 22.71229903, 1362505.95459, 1
340, 113.9524126, 22.5405666, 1605990.90894, 8
257, 114.2262933, 22.68804049, 2158838.7291900003, 8
544, 113.9234122, 22.52390294, 1545219.9246, 16
353, 114.0770694, 22.58454823, 1106410.70694, 1
998, 113.8319797, 22.6725188, 1791526.49247, 1
557, 114.4981704, 22.56843849, 1167740, 0
871, 114.1217289, 22.54666103, 1263831.6174, 2
626, 114.0361853, 22.50864622, 1763295.86268, 1
581, 113.9275589, 22.50061021, 885880.3516199999, 7
639, 114.1216418, 22.68350161, 1580451.4413599998, 5
690, 113.9180058, 22.51905186, 1659434.0727800003, 10
275, 114.0582017, 22.70814865, 755719.0933750626, 19
41, 113.8460198, 22.63041229, 1223175.1747803704, 3
556, 114.0301239, 22.63180182, 1192163.9224, 1
444, 114.3059153, 22.67750201, 1831079.00756, 9
567, 114.0746699, 22.65832693, 1572413.3859499998, 2
910, 114.058659, 22.54400765, 1320824.3452800005, 3
94, 114.1082115, 22.57611145, 2059850.3425500002, 5
268, 114.0440301, 22.51042369, 2043331.34148, 2
843, 114.2922773, 22.5831055, 1021694.65992, 1
953, 114.3031337, 22.6052126, 1694050.3747199997, 1
654, 113.9952024, 22.67630999, 1302271.2700800002, 10
804, 114.2146748, 22.70297441, 1419664.565, 16
604, 114.021967, 22.61886057, 1829410.5192, 5
670, 114.2434892, 22.60829367, 1591795.8738000002, 1
125, 114.5580421, 22.55634191, 1089330, 0
228, 113.964386, 22.54286861, 1506599.8948000001, 7
337, 114.1134928, 22.53948341, 1195200.5858823145, 9
488, 113.8761848, 22.79295095, 856412.8501500002, 6
59, 113.9439491, 22.77869306, 879241.8293999999, 9
607, 114.4813031, 22.57814012, 1412091.94698, 2
899, 114.0408153, 22.52422319, 891472.350774016, 5
182, 113.8188409, 22.66555661, 1864253.90305, 26
907, 113.968556, 22.69827316, 926711.61165, 26
834, 114.0001385, 22.66584933, 1390668.94296, 1
520, 113.8245479, 22.63921669, 794535.4454399999, 1
884, 113.9699356, 22.53011123, 1116579.46708, 1
312, 114.3732926, 22.69322023, 1261647.76584, 8
43, 113.8086998, 22.76195894, 2018250.86925, 2
593, 114.3139215, 22.71418306, 1468872.0875400002, 1
387, 114.4958943, 22.53713707, 2037027.80534, 1
231, 114.1909831, 22.64747785, 1902154.03488, 6
429, 113.972242, 22.67589127, 744683.7189000002, 16
412, 113.893394, 22.52991899, 1371349.265, 5
256, 113.9945339, 22.53990409, 829791.1198499999, 17
920, 114.146039, 22.55984134, 1757556.0050399997, 1
74, 114.2118053, 22.6108732, 1081821.44026, 14
691, 114.3333945, 22.78563924, 1747693.2418000002, 1
384, 114.1121549, 22.56746314, 1827323.2982399997, 15
192, 114.4178188, 22.63241271, 2096658.5486000003, 1
349, 113.9107617, 22.70816067, 1100640.24961, 2
671, 114.3429519, 22.69030182, 1837535.5421499996, 6
722, 114.1156996, 22.65994584, 2118529.2744, 1
271, 114.0140647, 22.62626062, 1785443.5962, 2
835, 113.9064831, 22.75491946, 1701871.0112800002, 1
844, 114.1049978, 22.56803444, 2085225.53811, 14
419, 113.9258442, 22.73630744, 928822.99026, 1
122, 113.8399373, 22.59919761, 2013482.14914, 1
777, 113.9381521, 22.7278868, 1709195.6107600003, 1
784, 114.0351684, 22.64325826, 962031.70646, 3
851, 114.0420236, 22.55062703, 932378.99634, 10
625, 114.099536, 22.57721134, 1769831.3122600003, 8
270, 114.1209736, 22.57481572, 766090.3535910791, 19
469, 114.0946258, 22.54159553, 1831705.49595, 11
940, 113.9800439, 22.55948125, 1076136.33996, 4
234, 114.0730152, 22.53610772, 1325481.9401999998, 2
866, 114.1575204, 22.57007701, 1413750.7722800002, 1
358, 113.9044365, 22.56528958, 1800614.6004, 9
668, 114.0916162, 22.549222, 1308579.6377499998, 12
692, 113.9642825, 22.69510751, 1578609.01792, 6
50, 114.1016038, 22.53736933, 2125486.6776, 4
751, 114.0552492, 22.71411879, 1944723.0351999998, 2
375, 114.1876572, 22.64171731, 1607691.6075, 4
750, 113.8835278, 22.50407615, 2011182.3408599999, 1
747, 114.0418453, 22.63716316, 852823.0233599999, 1
530, 114.1298599, 22.57173101, 1898675.33328, 7
203, 114.1027893, 22.59637715, 1390076.2752800002, 10
917, 114.1323425, 22.59939517, 2249628.00942, 7
799, 113.9415958, 22.53640187, 802240.12528, 15
528, 114.0147288, 22.67646163, 521118, 0
565, 114.3236032, 22.67782678, 2198648.92588, 2
933, 113.889499, 22.78518445, 1823036.12062, 1
379, 114.1306793, 22.70066274, 1105167.346994381, 5
433, 113.8394428, 22.80603833, 1291574.26266, 5
522, 114.0401448, 22.56528493, 1028278.4247999999, 1
184, 113.8454037, 22.71817642, 2013920.20786, 1
932, 113.9404505, 22.5808303, 1555238.90731, 1
209, 114.0513711, 22.61576577, 808152.093468546, 23
176, 114.2391092, 22.6653546, 2323740.4586000005, 2
299, 113.9976651, 22.67571164, 845311.441182341, 35
964, 113.8978583, 22.79887797, 2015712.7054899998, 13
290, 113.8267721, 22.69907369, 946781.7872699999, 2
420, 114.3294027, 22.68940797, 1590720.05312, 5
133, 114.1607952, 22.60197128, 1541538.2987399998, 1
398, 113.8064836, 22.69279451, 1386436.52268, 39
404, 113.9142301, 22.54249797, 2041856.11432, 18
660, 114.0833317, 22.69787035, 848519.7406400001, 2
343, 113.8992632, 22.73667783, 2266997.35977, 16
68, 113.8276875, 22.72981511, 1588607.064, 6
155, 114.3678612, 22.73955335, 862228.4017599999, 18
456, 113.9142089, 22.7814563, 1083557.5700400001, 1
638, 114.0773215, 22.70524286, 1341619.2504, 1
939, 113.9070047, 22.73201308, 1968854.9170399997, 1
845, 114.0087173, 22.73838093, 1699587.3081, 2
643, 114.2169694, 22.61605202, 1415034.3487500001, 20
324, 114.0923412, 22.55686737, 1102537.43039, 2
699, 113.9163977, 22.70164617, 783712.8182399999, 1
990, 114.0613963, 22.61103131, 1306906.3178599998, 1
642, 114.1354023, 22.63396417, 805367.7357, 1
175, 113.8605175, 22.80416164, 1404066.7756499997, 3
285, 114.0651131, 22.63560027, 850354.11153, 1
304, 114.2774086, 22.72266366, 1901434.1369100004, 1
137, 113.8632916, 22.78347339, 1244964.4927500002, 1
814, 114.510525, 22.64360625, 1558216.7403000002, 1
590, 113.8658054, 22.58441702, 1793085.4661499998, 1
171, 113.9478989, 22.57658566, 1923200.17956, 12
348, 114.0306177, 22.68109238, 1517825.1494999998, 2
238, 114.2301425, 22.55957429, 1175142.842093319, 17
167, 113.9560825, 22.70340427, 1338626.92282, 11
828, 113.8461335, 22.76472884, 1829265.5733, 6
460, 113.8891921, 22.59012776, 1021216.3384499999, 1
18, 114.2203198, 22.69700052, 1459856.45256, 8
861, 113.9233533, 22.58496019, 1256845.2250199998, 30
608, 114.1351285, 22.5743363, 919481.1466972018, 3
423, 114.0512736, 22.65620457, 1617931.2300800001, 2
858, 113.8552673, 22.79763444, 1408656.72915, 13
841, 114.2107963, 22.65930324, 1211486.8213800003, 1
867, 113.9778758, 22.56564506, 578883.028303125, 4
148, 113.9321561, 22.78251295, 1862506.4996999996, 8
702, 114.1334528, 22.60298027, 864094.98285, 2
974, 114.37472, 22.69079949, 1026281.3924, 24
752, 113.993609, 22.7445097, 1718222.5193100001, 1
273, 113.7905001, 22.72072576, 1597825.6232399996, 1
139, 114.3538281, 22.68777839, 1090572.9516, 1
461, 113.8837285, 22.4815432, 1235673.46056, 2
678, 114.4142507, 22.63855059, 1506190.8252599998, 1
647, 114.5165082, 22.48185889, 637075, 0
189, 113.8341494, 22.62683087, 2147067.5116000003, 22
123, 114.0765478, 22.62515275, 1714766.36485, 2
846, 114.3141642, 22.7751023, 1779339.7632999998, 5
1000, 113.8296581, 22.72516813, 555705.9587623456, 3
250, 113.8744093, 22.58226338, 1913517.79344, 14
263, 114.1249263, 22.66784704, 1871468.9878500004, 1
247, 113.8689145, 22.50307986, 777373.8508800002, 2
432, 114.2567754, 22.59454, 1221153.1024000002, 13
38, 114.2475127, 22.71669352, 901524.8457599999, 1
653, 114.1578879, 22.60869288, 1003210.83665, 1
205, 113.7948392, 22.74855338, 911154.08505, 2
523, 113.9317005, 22.61088634, 2311726.0539999995, 1
980, 114.3004647, 22.59594151, 1230986.87646, 4
371, 113.7972473, 22.68207025, 1798698.0935000002, 1
120, 114.3939362, 22.714358, 998000.8368000002, 2
249, 114.2914818, 22.58892502, 1975206.7684800003, 1
960, 114.1157997, 22.67680622, 1695770.3994, 1
32, 114.0097436, 22.54087223, 2082399.0930600003, 6
941, 114.0920617, 22.69926695, 1708139.1162, 3
885, 113.9020529, 22.78104849, 2407970.1316, 2
492, 114.359798, 22.74479107, 2185123.8629, 6
832, 113.7947103, 22.74241702, 1170151.4717199998, 1
383, 114.3077843, 22.77649766, 1602244.86268, 20
648, 114.0118614, 22.65099043, 1573725.9516000003, 1
76, 114.2652891, 22.57777992, 1405371.2887499998, 2
954, 114.261562, 22.58687942, 2073998.6729, 13
589, 114.3324378, 22.69398811, 1947537.8968230453, 6
805, 113.8881337, 22.46708487, 1421974.03634, 1
104, 114.1308154, 22.58008543, 935939.8339499999, 14
344, 114.2237726, 22.65744553, 1104906.4906, 10
864, 114.2540775, 22.74234574, 744200.5659, 1
765, 114.1102504, 22.62251446, 1930399.1592600003, 11
957, 113.8825802, 22.73133707, 1748237.5941800002, 1
188, 114.4011799, 22.69343354, 923712.8420300002, 1
445, 113.8564083, 22.58683717, 1165999.57694, 27
739, 114.1653519, 22.59606367, 1063186.22905, 1
7, 114.2867986, 22.66660255, 1031515.5499000001, 10
116, 114.1847659, 22.59345697, 1940390.7633000002, 2
211, 114.3242639, 22.60439637, 805255, 2
813, 114.239145, 22.60466459, 1693048.6375, 9
52, 113.8661029, 22.75930169, 1326245.1110603495, 36
235, 113.8265841, 22.75272624, 2037077.73115, 2
222, 113.8764685, 22.77355168, 963803.26746, 6
635, 114.0624633, 22.53793854, 1775361.8036000002, 7
852, 114.0151301, 22.5346779, 942926.4712059558, 16
930, 114.0020024, 22.54751793, 984053.8202, 8
79, 114.2132152, 22.74822005, 1159146.85689, 1
984, 113.7918396, 22.71366071, 1549529.6493600002, 1
368, 114.0024811, 22.53454229, 1770049.54688959, 11
713, 114.2860963, 22.71315916, 1891044.7369, 21
499, 113.8878711, 22.7567181, 792346.7623499999, 2
803, 113.884149, 22.54593081, 1119520.25834, 7
771, 114.0379928, 22.54385352, 1604130.7698899999, 2
354, 113.936609, 22.69505631, 1384273.60775, 21
244, 114.0271627, 22.63621566, 1898095.54968, 1
259, 114.001464, 22.63733905, 914004.68775, 3
524, 113.936617, 22.52098472, 1233267.35862, 2
29, 114.1942113, 22.64106038, 2059925.4325032234, 30
684, 114.0453813, 22.75277193, 900959.5567500001, 1
292, 114.064592, 22.5648517, 1529630.1878000004, 21
196, 113.8942223, 22.47161056, 1824752.9242800004, 1
847, 113.9057843, 22.67033037, 1284864.878, 1
86, 113.7904493, 22.70026312, 1068835.89813, 1
215, 114.0914813, 22.54589324, 1290688.48216, 9
571, 113.947055, 22.53382191, 1668014.87006, 2
463, 113.957071, 22.58832707, 1038584.0782900002, 2
634, 113.9784448, 22.5901607, 1335547.6276999998, 17
798, 114.3144354, 22.6722525, 2011612.3470300003, 1
236, 113.977303, 22.72436538, 1690584.5572, 20
144, 113.9874438, 22.5398186, 1153543.8926, 25
454, 114.0327264, 22.63754927, 1096892.59284, 2
459, 114.0450657, 22.52313116, 1052874.13352, 13
724, 114.0905531, 22.57029926, 742386.5428095437, 7
40, 114.3141539, 22.68651171, 1198673.6038199998, 2
552, 113.8678644, 22.80466662, 2137597.7128000003, 4
609, 113.9316767, 22.73374994, 1182919.595, 2
161, 113.7982229, 22.69370504, 1039349.0705400001, 19
975, 114.0406397, 22.5999918, 1502654.1453000002, 2
977, 114.2158073, 22.71145938, 1403739.84212, 1
91, 114.1354918, 22.55227385, 1554644.6291200002, 5
947, 114.0659798, 22.55478286, 924110.638, 1
183, 114.2923767, 22.7796408, 995071.3191099998, 2
25, 113.957259, 22.58270328, 1955001.31002, 1
574, 114.2282188, 22.54732311, 1773918.78664, 3
729, 114.3215746, 22.70437613, 1290692.170607326, 18
886, 114.4699089, 22.60037592, 1443245.6524199997, 1
51, 114.0320786, 22.56121934, 1730620.2252899997, 13
397, 113.9045836, 22.80055712, 1010207.8008893627, 14
376, 114.0938239, 22.71533772, 1011045.9678000001, 4
403, 114.4795544, 22.58711497, 828317.5031999999, 1
792, 114.4107332, 22.62885294, 1105290, 0
378, 114.0125106, 22.66960061, 1936459.5083899999, 1
602, 113.9259902, 22.71932507, 1957078.86792, 5
457, 114.1132982, 22.57428937, 841362.6341999999, 9
19, 114.1261595, 22.70308613, 1512993.6194999998, 11
507, 114.1116317, 22.71088623, 1344012.46826, 1
588, 113.8282047, 22.73376795, 1156590.97752, 14
14, 113.9013678, 22.79263871, 1857140.28038, 2
260, 113.8519206, 22.76363961, 1478066.4891300001, 6
600, 113.8775801, 22.79067888, 2070130.2278800001, 6
854, 114.3560622, 22.69406645, 1903328.0966699999, 1
717, 114.1186904, 22.62107604, 541710, 0
70, 114.2790139, 22.73232303, 1287712.25968, 4
251, 114.2792508, 22.66839408, 1819457.5674, 14
897, 114.3102897, 22.60643551, 1084678.4849999999, 1
323, 113.8885023, 22.74840589, 1534874.0083599999, 1
366, 114.2247268, 22.55089246, 1978640.200725791, 10
793, 113.9514808, 22.57933839, 958971.6772962891, 8
801, 114.4875528, 22.53501616, 1099936.4567400003, 1
288, 113.8746304, 22.57015688, 1210259.6127600002, 2
826, 114.0297867, 22.52268154, 1819367.37884, 1
265, 113.8801273, 22.61236295, 830898, 0
965, 114.4721157, 22.59205114, 1045770.1739100001, 1
726, 113.9743099, 22.68119216, 1217154.20607, 7
860, 113.9351353, 22.54354212, 966821.3631999999, 1
424, 114.1346934, 22.55978304, 2161109.54829, 1
951, 113.927185, 22.62988075, 1735770.63627, 3
695, 114.1382291, 22.61523669, 2076066.5677399996, 1
170, 114.0387436, 22.65086843, 999869.0284000001, 1
859, 114.2164611, 22.55835352, 1525032.18175, 5
758, 114.2834069, 22.66229613, 2025026.2848200002, 9
130, 113.8888349, 22.49267264, 1993643.8869600003, 2
983, 114.1745566, 22.56904314, 1225920.2119999998, 1
13, 113.9683733, 22.70019117, 1524557.3075485663, 5
551, 114.3095222, 22.67753944, 2063971.6376399999, 7
425, 113.8741739, 22.81789539, 1434787.2539, 1
931, 113.9883071, 22.5473325, 1654164.4840600002, 5
124, 114.2876146, 22.70174801, 1062292.396, 8
21, 114.3178712, 22.72020294, 1425617.00996, 4
666, 114.2781637, 22.66588492, 1644309.7733699998, 34
389, 113.9348881, 22.80127313, 1446489.2195599999, 1
473, 114.0449931, 22.70374768, 1137086.09091, 22
46, 114.0923787, 22.56380177, 2064954.0487399998, 24
197, 114.1133922, 22.54692885, 1271929.26168, 21
410, 114.2835138, 22.69463549, 1761870.5613300002, 3
267, 114.1279131, 22.68921886, 1087490.43546, 4
955, 113.9897632, 22.67519576, 1512104.6179800003, 1
558, 113.9256955, 22.68654991, 1577407.5774600003, 3
703, 114.0297176, 22.60251452, 1436510.4996, 4
332, 114.2071982, 22.67346065, 1924781.70038, 1
480, 114.2420552, 22.65497428, 1711598.49168, 1
952, 114.0802179, 22.53332558, 1293608.33679, 1
446, 114.129943, 22.58690043, 1402209.8576200001, 5
96, 114.0654481, 22.57084405, 1315155.3500800002, 2
503, 113.9186695, 22.6624903, 1788806.3410800002, 1
646, 114.0891792, 22.54178278, 1168877.5583100002, 21
902, 114.0481253, 22.70851515, 890141.7610800001, 1
356, 113.9307782, 22.54961563, 2064456.4011499998, 3
173, 114.0558319, 22.6636871, 1050696.7240000002, 14
697, 113.7953963, 22.73625293, 1818874.5627800003, 1
806, 113.9397757, 22.76440181, 913300.8948800003, 6
811, 114.1092149, 22.69924452, 1740863.06889, 2
359, 113.9179521, 22.64049539, 1683897.7196799999, 1
971, 114.1188756, 22.69922478, 1769443.1793500003, 9
17, 114.5410021, 22.49485632, 1959320.69784, 1
154, 113.9811375, 22.55455443, 2012312.91888, 7
400, 113.8275729, 22.76687465, 1316914.0269999998, 2
472, 114.2890618, 22.73805887, 1613447.5702399998, 1
218, 114.0515348, 22.69449135, 2081770.9941600005, 1
157, 114.2259248, 22.64134132, 1433096.2183999997, 1
999, 113.8597157, 22.72651427, 1255714.647, 4
329, 113.8073582, 22.73253642, 1992062.1107146754, 10
34, 114.0020981, 22.67241295, 1345890.3229199997, 1
126, 114.0046208, 22.59551516, 656697, 0
913, 114.3870185, 22.7411354, 920812.3135199999, 1
830, 114.0832859, 22.57238701, 2125060.2254435746, 7
587, 114.1074937, 22.54258289, 1355962.7683179954, 2
538, 113.9463599, 22.58306622, 2059331.7583300003, 6
4, 113.8528783, 22.74227468, 762951, 0
360, 114.4865819, 22.52547572, 1556477.3894999998, 1
665, 113.8881389, 22.7330613, 1050403.61118, 5
689, 113.8733725, 22.8019963, 907630.2891699999, 10
246, 113.9304353, 22.50518507, 1283370.3247200001, 1
78, 113.8380979, 22.76558553, 1990744.9689600002, 13
535, 113.9952455, 22.5333633, 1433837.053, 5
427, 114.1561488, 22.64686208, 1127453.6306, 1
295, 113.9894251, 22.73620886, 1380728.87524, 10
987, 114.1151488, 22.55020013, 973235.06895053, 11
450, 113.9144593, 22.58669471, 1609208.70792, 3
201, 114.0268061, 22.53253681, 1509128.3955, 12
821, 114.1361528, 22.54496138, 2237632.93094, 10
355, 114.3267293, 22.78896473, 1161860.56624, 1
919, 114.0506193, 22.673603, 941723.1753599999, 1
559, 113.9513733, 22.55799873, 2192161.7916, 1
107, 114.0662671, 22.68601619, 1847277.51714, 2
264, 113.9102712, 22.54288065, 1653542.8272, 43
613, 113.8824366, 22.76793183, 1897805.6578800003, 8
474, 114.1674935, 22.56881687, 1690198.9778924638, 18
783, 114.229344, 22.72458386, 1486806.7269, 1
712, 114.1344921, 22.66603443, 2164071.27618, 1
945, 114.2786885, 22.72662505, 932433.7536800001, 18
313, 114.0841587, 22.63955388, 1168296.1642, 2
631, 113.9834399, 22.74001975, 1132240.06632, 18
274, 114.0818223, 22.57645726, 1588592.5694100002, 3
707, 114.1288802, 22.67193019, 1873056.9507100002, 1
762, 114.0529662, 22.66152243, 798676.06665, 7
836, 113.9887818, 22.68911745, 1695714.0315500004, 1
992, 114.130318, 22.63037947, 1748347.10886, 1
837, 113.7976492, 22.698087, 1026184.7618000002, 10
629, 113.8821179, 22.81945596, 1049086.214, 1
505, 114.116191, 22.66686081, 1974617.3218200002, 1
969, 113.9647448, 22.58175217, 1681011.6857600003, 1
390, 114.1442097, 22.55434867, 1028854.9873800002, 5
93, 113.9399642, 22.72081946, 1638569.91573, 15
12, 114.2365132, 22.59596208, 1690700.5139199998, 2
872, 114.0638115, 22.73286583, 811774.34448, 1
166, 114.0426671, 22.54364914, 1462697.3921999997, 3
679, 113.9486925, 22.78265274, 1125424.388, 1
180, 114.0047845, 22.65568646, 1671865.5994699998, 2
5, 113.9735968, 22.53691557, 900645.0967434375, 4
624, 113.9003568, 22.56407266, 1206790.57422, 13
772, 114.2190663, 22.62642335, 1812200.60934, 1
991, 114.018724, 22.62287191, 656031.6934703704, 3
619, 114.3217029, 22.66619204, 1088695.09694, 3
242, 113.9175271, 22.72183077, 1866369.6071713616, 21
502, 113.8553703, 22.78458004, 1157006.4891, 14
701, 114.1033167, 22.69059239, 2109510.4184, 3
888, 114.306448, 22.76430403, 2147180.2473, 1
856, 114.0766851, 22.57433865, 1910734.83216, 1
649, 114.0371086, 22.66415043, 1368216.8230500002, 1
497, 114.5229326, 22.65319931, 813895.38615, 1
527, 114.0999156, 22.65012515, 1524782.5527, 1
487, 114.132336, 22.54514773, 1340082.8238600001, 3
598, 114.3326219, 22.70345535, 2161368.8404, 1
715, 114.0237781, 22.7402955, 1019423.84082, 1
83, 114.02826, 22.65797554, 1797379.08581, 24
768, 113.8102429, 22.73070417, 1332012.5582499998, 14
719, 114.31753, 22.70012994, 1505248.67691, 6
576, 114.2993679, 22.67869917, 1856259.33141, 2
526, 114.055946, 22.67616114, 1680625.16336, 26
542, 114.0069626, 22.53846962, 1057380.3405000002, 6
407, 114.3480704, 22.68461142, 1582264.87562, 15
422, 113.9338704, 22.49890379, 2078314.8397, 6
63, 114.3292812, 22.68364859, 1736297.27304, 8
763, 113.9173949, 22.69358232, 1095438.3023100002, 1
2, 113.9686262, 22.63004164, 1445096.12841, 1
442, 114.0505903, 22.50486884, 675048, 3
773, 113.9355346, 22.68900164, 1261681.5865500001, 10
129, 114.2431327, 22.56455993, 1158109.6884499998, 5
922, 113.922351, 22.5361136, 1491854.06524, 1
452, 113.9065174, 22.76591498, 2071760.064, 2
162, 114.0305019, 22.62003586, 1401027.74328, 13
895, 114.3138517, 22.66510718, 911216.89494, 1
392, 113.8629806, 22.63225643, 1489077.546, 1
918, 113.8596763, 22.8103313, 1128833, 0
381, 113.9851535, 22.63400409, 839236.761, 1
224, 114.0579046, 22.57556408, 901205.5231401151, 14
943, 113.8637706, 22.57978804, 1259473.57734, 2
509, 113.9365588, 22.55688771, 915181.97056, 2
597, 114.3352269, 22.67480048, 957213.0605400002, 10
258, 114.2908189, 22.67684935, 1526133.0321350482, 7
742, 114.3388999, 22.68548423, 835683.7889350338, 9
721, 113.9360145, 22.79239129, 1790887.1199999999, 1
208, 114.072443, 22.6488278, 1464396.4802499998, 2
9, 113.9082934, 22.5348752, 1412848.88668, 2
305, 114.2688222, 22.7499474, 1424053.20475, 1
570, 113.833737, 22.72531168, 925885.42002, 1
239, 114.1170091, 22.61103696, 1334954.9261971195, 3
169, 114.1248793, 22.542384, 1909295.03622, 4
495, 114.2210604, 22.70565195, 1937868.70464, 12
900, 113.8895757, 22.80671205, 1095001.8540999999, 2
536, 113.7851465, 22.68897935, 1750052.6389499998, 1
220, 114.2225624, 22.61654006, 891968.3692189902, 13
283, 113.9035735, 22.74934921, 1193465.21448, 1
95, 113.9812072, 22.68180991, 1026068.80508, 2
105, 113.8298166, 22.67844841, 1629597.76452, 2
328, 114.0503059, 22.5483735, 1793686.1863799999, 3
985, 113.8424925, 22.76193149, 1533364.9604900002, 4
245, 113.9085683, 22.5844688, 897839.9988800002, 1
449, 114.0268688, 22.59775455, 1660139.4761600003, 1
618, 113.9657033, 22.58744293, 1026700.125, 1
436, 114.102483, 22.54850495, 1099139.25429, 11
876, 114.035203, 22.55718007, 1019773.3214900001, 5
156, 114.3300158, 22.79799438, 1886499.87768, 1
663, 113.901536, 22.75932862, 894324.2555500001, 1
550, 113.8997526, 22.54463128, 2127999.0732, 2
815, 114.1793278, 22.63882801, 1527246.633, 1
35, 114.3449352, 22.61164311, 2104042.73695, 1
855, 113.8553547, 22.57392107, 1687817.70102, 1
733, 113.8842317, 22.78905087, 465585, 0
915, 114.128678, 22.56061647, 1999027.82189, 1
199, 114.5322302, 22.4881498, 2372538.9116, 1
655, 113.9275533, 22.63746989, 1675160.7029300001, 18
743, 114.0817537, 22.72231059, 1089123.4926, 1
812, 114.2835316, 22.72938315, 2245202.32794, 9
85, 113.924939, 22.51239945, 2310461.80365, 5
603, 114.3035564, 22.77255353, 1025154.0354, 5
216, 114.3403352, 22.679758, 1751796.82128, 15
310, 114.2353191, 22.60937378, 1298660.50666, 1
982, 113.9734805, 22.62434102, 1403214.8158599997, 1
367, 114.0980655, 22.60877089, 1492991.0853000002, 2
195, 114.115931, 22.58323568, 1746106.88945, 5
711, 113.9219319, 22.76063276, 2186041.8536, 1
217, 114.2563818, 22.58771104, 1924809.0790500003, 13
688, 114.2939222, 22.66603796, 1886606.17134, 19
893, 113.8339415, 22.60167939, 1461766.51742, 1
908, 113.9387369, 22.76682196, 1972172.56764, 5
177, 113.7645846, 22.67131472, 2035555.7992000002, 1
756, 114.2574001, 22.71075833, 1355843.27472, 1
938, 113.9332947, 22.58224165, 1373442.928, 1
620, 114.0709098, 22.55199265, 1248694.43391, 2
596, 114.2896898, 22.75949341, 1514356.1109599997, 1
212, 114.0321665, 22.71384223, 2258001.0509099998, 3
90, 114.1357787, 22.61047964, 841845.7871999999, 24
302, 114.0348327, 22.5262719, 1645786.6110399999, 7
501, 114.0994988, 22.70120735, 1500270.5905, 6
298, 114.2113013, 22.64339303, 1824965.5116000003, 1
962, 114.1504528, 22.64612288, 1929389.36949, 1
39, 113.9187309, 22.57620516, 1890456.0768258628, 38
586, 113.9303011, 22.51106117, 1229970.6446500001, 2
240, 113.8851632, 22.72061152, 928761.7908800002, 26
243, 114.1027281, 22.7198865, 1726527.91938, 9
393, 113.9316691, 22.49103627, 1610508.3894899997, 7
352, 114.0305432, 22.56786856, 1270420.21381, 11
506, 113.9644245, 22.53364804, 1338449.76672, 1
3, 114.1161173, 22.59930781, 1199797.7398, 17
532, 113.8496457, 22.75600839, 868560, 0
190, 114.3236798, 22.69825868, 1421275.075, 10
149, 114.2717263, 22.58856211, 828111.3579199999, 7
200, 114.4259074, 22.60700273, 1111179.42705, 2
443, 114.2956573, 22.6953443, 2038994.23805, 14
254, 113.9304062, 22.68073678, 1683098.9067199999, 4
146, 113.9139943, 22.5237691, 1071697.7744, 9
451, 114.3613685, 22.71192628, 2009971.23734, 1
363, 113.8046056, 22.77301208, 1987327.4667399998, 2
377, 114.3842503, 22.74721594, 833076.56025, 2
709, 114.0718629, 22.54517922, 1522833.8356, 8
761, 113.8906331, 22.58145324, 1311096.86488, 1
62, 113.9366485, 22.52943032, 1852176.68856, 13
827, 114.1221481, 22.6011108, 2154316.4171100003, 16
894, 113.9169801, 22.73931425, 1379730.3590400002, 1
766, 114.2360842, 22.55783509, 1224884.65407, 19
823, 113.9014204, 22.51532538, 1265086.20469, 2
320, 114.3983074, 22.73835999, 1292141.1621799998, 1
825, 114.2473445, 22.5916789, 980607.3288000001, 6
37, 114.5096038, 22.53158021, 1176606.3958, 1
774, 113.8774304, 22.81358574, 2328174.1926299995, 1
741, 113.9588159, 22.69329109, 952990.30332, 1
912, 113.8662713, 22.81957744, 721160, 0
296, 114.2384964, 22.76309512, 2422980.0848000003, 1
10, 114.03693, 22.61669775, 1008852.4531800001, 2
710, 114.0626878, 22.52638482, 2273589.1772, 1
996, 114.0998616, 22.55693538, 825201.1663499998, 6
490, 113.8673605, 22.75687393, 1651803.4763999998, 9
658, 113.9608753, 22.57413413, 1080072.4264000002, 1
134, 114.3122933, 22.69246974, 1797689.9142399998, 19
534, 113.9109049, 22.73773833, 1755576.68825, 1
482, 113.7985327, 22.72284588, 2117314.94986, 5
611, 114.019634, 22.66877246, 805633.4698499999, 1
380, 114.077715, 22.68210734, 1827361.95048, 2
546, 114.2482274, 22.72613882, 967014.6244000001, 1
181, 113.9370525, 22.74123688, 968264.3801600002, 1
504, 114.2706609, 22.69643868, 1970394.5646000002, 1
696, 114.0984549, 22.56231854, 1437051.6309599997, 26
615, 113.8755798, 22.58870565, 2097447.6985000004, 1
605, 113.9945542, 22.65716514, 1708274.3990399998, 2
276, 113.8225134, 22.71739482, 1872990.9198000003, 3
351, 114.1083255, 22.54846201, 2104498.51128, 10
708, 114.1032037, 22.61256999, 1987288.8144999999, 12
824, 113.8604372, 22.58680986, 1842146.4322800003, 1
778, 113.9139655, 22.48939267, 934002.39042, 2
838, 113.8759726, 22.80667899, 2200536.4436000003, 2
362, 114.0258222, 22.70119786, 2087278.93836, 2
521, 114.0763045, 22.55344285, 1942339.4803999998, 1
150, 113.9106641, 22.76447929, 1146522.0690000001, 1
516, 113.918592, 22.51236448, 1653442.9755800003, 5
541, 114.4054404, 22.76453241, 2012332.2449999999, 1
849, 114.3511853, 22.6102279, 1084055.2176300003, 1
131, 113.859515, 22.73057783, 1904782.3872, 18
948, 114.5420542, 22.48906859, 1122105.12689, 1
494, 113.8544979, 22.79091959, 2075760.5708399997, 11
413, 113.9152116, 22.75330155, 1184253.0972800003, 21
874, 113.8608053, 22.7540776, 2176721.8322300003, 1
958, 114.0959054, 22.56484784, 1919257.6510800002, 15
810, 113.8872823, 22.71167791, 1689566.71488, 2
193, 113.9205092, 22.56157879, 1796143.8246399998, 1
890, 114.1354949, 22.56516076, 832025.942039662, 7
252, 114.2099445, 22.70807763, 1978173.3279, 5
738, 114.0547554, 22.56666808, 1338821.79453, 1
108, 114.4059728, 22.74964726, 1527974.5835199999, 1
237, 114.2647351, 22.7062861, 968122.6552800001, 1
266, 114.3285122, 22.67135289, 1793568.6191500002, 3
764, 113.8868121, 22.72240779, 1906225.4041600002, 6
484, 113.8440245, 22.77613656, 1853994.9543500002, 2
511, 113.9721574, 22.73531601, 763333.4247, 1
630, 114.3562205, 22.71680927, 1591241.85836, 5
465, 114.055827, 22.52545213, 1008871.7793, 9
99, 113.9032064, 22.55898151, 1304070.2097500002, 15
56, 114.03056, 22.72458829, 2045843.73708, 1
664, 114.0466717, 22.64186821, 1322525.0438400002, 3
272, 113.8709278, 22.80842361, 2019378.2262499998, 1
916, 113.9167987, 22.5568068, 1420875.66852, 10
617, 113.8617589, 22.57155632, 1690069.1939999997, 1
519, 114.2419631, 22.7339916, 1713312.07432, 1
959, 114.1340834, 22.58581645, 1386306.07137, 4
317, 114.2982552, 22.71040813, 1431572.6759399998, 2
213, 113.8642509, 22.82567476, 1617982.7663999998, 1
435, 113.9211685, 22.48956803, 1066801.824, 14
584, 114.1425635, 22.67988803, 1721406.4975800002, 1
757, 114.3616178, 22.68870689, 1335254.5148800001, 1
370, 113.8355052, 22.73310871, 1629191.916, 8
227, 113.9176323, 22.4970986, 1686397.558197973, 13
881, 114.2240162, 22.70156244, 1751683.4535822768, 22
839, 114.3943777, 22.69348336, 1924398.3989999997, 1
540, 114.3079117, 22.68971649, 951569.8335, 1
447, 114.0706953, 22.69695963, 913461.9458800001, 2
417, 114.3559461, 22.72906025, 1157739.2711500002, 29
737, 114.0083573, 22.75268468, 1829880.78812, 24
455, 114.0497183, 22.72134663, 1171162.872, 1
416, 113.8801476, 22.49715906, 1553162.9599199998, 1
725, 114.0300415, 22.74811872, 1617386.8776999998, 1
809, 114.1422694, 22.60791832, 991169.0533800002, 32
448, 114.3732663, 22.72921063, 1308901.7397500002, 1
968, 114.0595264, 22.66399326, 1602985.6972800002, 10
585, 113.7974567, 22.71388256, 975582.5375999999, 1
682, 114.031832, 22.70150831, 1144391.36427, 11
152, 114.0593064, 22.72780458, 1422286.4752800001, 1
610, 114.1212396, 22.61279607, 1349890.82976, 1
60, 114.5135669, 22.65033074, 2001065.1170399997, 1
518, 114.1304523, 22.70820346, 1214839.9032, 2
230, 113.9287452, 22.5922123, 1303479.15258, 1
65, 114.1218527, 22.67637751, 1310914.8772500001, 2
657, 114.102844, 22.60151047, 2097349.45739, 5
780, 113.8307798, 22.79316594, 955454.3836199999, 1
87, 113.9937353, 22.54944389, 1801669.48445, 1
117, 114.3463656, 22.66952477, 1036227.90216, 1
926, 114.1319441, 22.68526033, 1557769.0185200002, 1
430, 113.8449586, 22.57688309, 1208558.9142, 1
704, 114.0017638, 22.59835539, 2046288.23784, 12
879, 113.8965647, 22.76362671, 1441264.7251199998, 1
147, 114.1528294, 22.6563481, 1270758, 0
583, 113.9489089, 22.56717642, 2087607.4823999999, 1
720, 113.7831902, 22.7246244, 1521062.2746, 1
685, 113.8503056, 22.72011299, 837362.1273599998, 2
481, 114.0851591, 22.72977703, 1870981.00332, 1
652, 113.8916427, 22.76205659, 835432.7363800002, 14
466, 113.9365428, 22.76215335, 1919953.3913999998, 4
226, 114.3160098, 22.70745292, 845350, 11
221, 114.0718589, 22.62126535, 735401.3515096618, 20
754, 114.0537597, 22.57958843, 1566807.2006399997, 11
833, 114.234915, 22.71557304, 2041216.7418500003, 1
736, 113.9364244, 22.75496381, 1548698.6261999998, 1
164, 114.5769004, 22.49474317, 1857789.3159100001, 1
386, 113.8897551, 22.77264868, 1055510.5383900001, 28
464, 113.8184481, 22.73843018, 1219864.6944000002, 1
935, 114.2477237, 22.74951701, 1438660.5304500002, 1
662, 113.907684, 22.55657403, 1967745.3963100938, 11
740, 114.0408615, 22.65806421, 1999325.7662399998, 1
645, 114.321711, 22.69502726, 1248897.35817, 2
687, 113.8612319, 22.60173099, 861688.88091, 1
995, 114.2522828, 22.71452222, 1401298.3089599998, 1
573, 114.0621397, 22.54992919, 1455450.0971999997, 6
594, 113.7886466, 22.75739522, 1378102, 0
627, 113.8839273, 22.58412415, 1515892.5375, 11
293, 113.9080637, 22.65588346, 1447474.85168, 1
723, 114.0981703, 22.53641136, 866964, 8
140, 114.1029601, 22.55553361, 1229664.6477500002, 12
225, 114.0313923, 22.74005973, 1069856.96147, 1
554, 113.9634208, 22.70353264, 1921919.8241100002, 12
549, 114.3199658, 22.72416385, 1495108.517568971, 1
486, 113.9539752, 22.70654651, 1841431.3658399996, 1
30, 113.9066391, 22.487531, 1807320.7640399998, 1
794, 114.0484984, 22.62211213, 1025885.20694, 1
132, 113.9805994, 22.70188376, 1679711.304040813, 8
214, 114.0022444, 22.6931426, 1419377.89422, 1
66, 114.0490229, 22.63510087, 1955986.94214, 28
431, 113.9722297, 22.61881648, 1770457.8006499999, 1
281, 114.1260218, 22.63301435, 1149691.5526800002, 1
414, 113.9327481, 22.6012731, 1951551.5976000002, 1
599, 114.3665548, 22.68354887, 1023740, 0
306, 113.905693, 22.78527296, 840589.5894, 1
489, 114.2799684, 22.71391601, 1866226.7778000003, 9
877, 114.0574009, 22.62520599, 1303144.1664999998, 1
300, 114.1717413, 22.56394335, 1879162.3941200003, 11
545, 114.3207512, 22.76124526, 1604696.0588999998, 2
101, 113.8546887, 22.58178721, 1866645.5104, 4
364, 114.2065974, 22.65124861, 1986633.33693, 1
644, 114.0643681, 22.62765762, 1050277.9914000002, 1
889, 114.1331767, 22.5485137, 1589090.217, 6
601, 114.0346794, 22.67231938, 1273671.8335000002, 1
493, 113.9214564, 22.55194356, 1959784.5247199999, 7
735, 114.2347128, 22.69894134, 849267.0172799999, 1
325, 113.8856787, 22.54932036, 894593.21072, 9
294, 114.0110027, 22.5540326, 2009594.378, 2
531, 114.0074993, 22.58507887, 1953730.61763, 1
408, 114.2455148, 22.5868276, 1205336.2836900002, 2
760, 114.1109686, 22.60593957, 1583244.0657, 2
525, 114.041213, 22.596557, 2202871.6831, 2
853, 114.0366085, 22.6327468, 1442491.93374, 1
698, 113.8830576, 22.78228449, 825455.5972898765, 6
418, 113.8130811, 22.78087983, 1840020.5590800005, 1
471, 114.0527624, 22.63151064, 1409067.4091999999, 27
297, 113.7788305, 22.67930859, 863664, 0
875, 114.2353466, 22.58626292, 1561279.9303200003, 1
219, 114.2338961, 22.72903088, 798555.2784000001, 1
372, 114.2276735, 22.69908167, 1568865.4324199997, 1
111, 114.48174, 22.54079562, 1732852.3921499997, 2
560, 113.9090228, 22.5155996, 1806847.2741000005, 1
