residences-ID,x-coordinate,y-coordinate,House-price,House-rent,capacity
1407, 113.8895501, 22.58777326, 1283040, 25920, 1
924, 113.9042899, 22.5665363, 1806579, 36496.54, 1
1071, 114.0037582, 22.53790479, 2157300, 43146, 1
159, 114.1207023, 22.53944976, 967680, 19353.6, 1
82, 113.8505256, 22.57003332, 1957527, 39546, 1
95, 114.0232271, 22.62488194, 2443500, 48870, 1
683, 113.8485196, 22.57678478, 2166750, 43335, 1
1475, 114.1000347, 22.56966506, 1417500, 28350, 1
1092, 114.0426604, 22.54373309, 1329485, 26589.7, 1
757, 113.8877436, 22.78404007, 915609, 18684, 1
473, 114.1083642, 22.57636406, 1296672, 26460, 1
1153, 114.1122834, 22.58925196, 1037444, 21384, 1
1478, 114.139642, 22.6239425, 996300, 19926, 1
1338, 114.1055162, 22.59685098, 876744, 17712, 1
992, 114.2642481, 22.59164177, 812700, 16254, 1
1070, 113.863216, 22.57078846, 1974117, 40284, 1
1182, 114.2313093, 22.73291925, 935550, 18900, 1
873, 114.0392505, 22.52462702, 1839600, 36792, 1
642, 114.1218045, 22.57112173, 2212234, 44244.68, 1
141, 114.1182255, 22.67187027, 943110, 18862.2, 1
1041, 114.1064566, 22.63242428, 1250100, 25002, 1
243, 114.1073572, 22.57132398, 1395975, 27919.5, 1
1032, 114.0537992, 22.56772541, 1665900, 33318, 1
385, 114.029352, 22.64951895, 1817640, 36720, 1
28, 114.0358301, 22.70436869, 1517127, 30649.04, 1
1416, 113.871775, 22.58555053, 1194831, 26650.302427641604, 1
231, 114.3697374, 22.74835856, 561330, 11340, 1
623, 114.0476951, 22.56807825, 1648626, 33642, 1
1259, 114.1762942, 22.56757336, 1737450, 35100, 1
162, 114.331894, 22.68824122, 930150, 18603, 1
1351, 113.891709, 22.56091576, 1363230, 27540, 1
1447, 114.0770368, 22.54507433, 957335, 19340.1, 1
1195, 114.1287615, 22.70342021, 837000, 16740, 1
1466, 114.0764413, 22.57903287, 1674000, 33480, 1
831, 113.9151904, 22.53465889, 1512000, 30240, 1
99, 114.1227546, 22.56353637, 2167018, 44667, 1
359, 113.9046918, 22.5834555, 1132650, 22653, 1
1485, 114.2269201, 22.54645949, 887056, 18101.34, 1
395, 114.2229894, 22.70499103, 981000, 19620, 1
1237, 114.1033987, 22.61835075, 809203, 16184.06, 1
64, 114.0320802, 22.60541612, 1861029, 41094.52786196986, 1
768, 113.9258192, 22.51841222, 2234628, 45144, 1
186, 114.016779, 22.52876707, 1910250, 38205, 1
1074, 114.1332911, 22.5477813, 1312200, 26244, 1
1231, 113.9212985, 22.52115787, 1879476, 37589.52, 1
259, 114.0614564, 22.56609884, 2012850, 40257, 1
1081, 114.0759798, 22.55625124, 2117151, 42343.02, 1
1398, 114.0659307, 22.53026702, 1962410, 39644.64, 1
1110, 114.1717473, 22.56436374, 1526431, 30528.62, 1
1457, 113.9609462, 22.53262882, 2983500, 59670, 1
767, 114.0523451, 22.63970515, 2079000, 41580, 1
522, 114.3350117, 22.70546672, 1133100, 25020.679162118406, 0
984, 113.8143158, 22.67555369, 1015740, 20520, 1
1072, 114.0378593, 22.62944098, 1215000, 24300, 1
1443, 114.060083, 22.54415109, 1678536, 33570.72, 1
1369, 114.0358903, 22.56212174, 2114100, 42282, 1
652, 114.2270139, 22.54952917, 1284300, 25686, 1
294, 114.034427, 22.52841219, 1721250, 34425, 1
1197, 113.9263495, 22.49164243, 1749060, 38622.071392899845, 1
290, 114.1281226, 22.54491842, 1415807, 28891.08, 1
1389, 114.0798873, 22.54725817, 2041361, 41239.62, 1
258, 114.2469667, 22.71532731, 1098603, 22194, 1
805, 114.0021078, 22.55103737, 3773710, 68152.39546884966, 2
1488, 114.0789495, 22.55088775, 1652743, 33388.74, 1
1437, 113.9233633, 22.54558424, 2779920, 62005.17790771201, 1
1029, 114.0972235, 22.62774315, 1498500, 29970, 1
471, 114.1229792, 22.56214812, 1964709, 39294.18, 1
213, 113.8778201, 22.58583875, 1422036, 28728, 1
1261, 114.2774409, 22.72813883, 591597, 11831.94, 1
507, 114.2361822, 22.71228411, 903600, 18072, 1
578, 113.8591147, 22.57989424, 1486593, 29731.86, 1
1232, 114.0565727, 22.69299886, 1231310, 25380, 1
1254, 114.2182253, 22.67609825, 1181279, 23864.22, 1
347, 114.3411705, 22.68281434, 893700, 17874, 1
422, 114.124439, 22.66141297, 740929, 14968.26, 1
479, 114.0239956, 22.64331109, 1253102, 25315.2, 1
0, 113.961318539004, 22.527054880467904, 2481940, 44823.33993946289, 1
941, 114.1232604, 22.60964239, 999000, 19980, 1
176, 114.037073, 22.61509883, 1503563, 30375, 1
122, 114.121452, 22.60815958, 894600, 17892, 1
42, 113.9213932, 22.55326399, 1687383, 33747.66, 1
939, 113.9779811, 22.5638064, 1996200, 39924, 1
1235, 114.0225741, 22.52481831, 2086277, 42147, 1
937, 114.1094862, 22.5462653, 1401975, 28039.5, 1
1148, 114.2146226, 22.73517897, 1281258, 25884, 1
1140, 114.1035033, 22.60987427, 971636, 19629, 1
1379, 114.11215, 22.61976315, 679289, 13723.02, 1
570, 113.8677722, 22.56190042, 2554200, 51084, 1
123, 114.2756256, 22.75022902, 555984, 11232, 1
27, 113.9282269, 22.49166111, 2169117, 43382.34, 1
480, 114.1298848, 22.68634625, 1089450, 21789, 1
733, 114.0455057, 22.53981904, 1383000, 32112.720119857542, 0
824, 114.2590034, 22.71962253, 882090, 17820, 1
215, 113.8951576, 22.48580812, 2312145, 46710, 1
0, 113.92003612084812, 22.505327302968695, 1863243, 33649.492797054496, 0
412, 114.0726867, 22.53441951, 2259900, 49902.2441430336, 1
724, 114.13128, 22.57143687, 1387751, 27755.02, 1
1099, 113.9673517, 22.57211963, 2581146, 51622.92, 1
119, 114.2154046, 22.5589463, 1279901, 25598.02, 1
111, 114.0165299, 22.55687107, 2611324, 48618.51053958, 0
458, 114.1122902, 22.5393911, 893029, 18040.98, 1
501, 114.1184995, 22.5441583, 986542, 19930.14, 1
324, 113.9294287, 22.54876079, 2246657, 45387, 1
103, 114.0402733, 22.54695267, 2324700, 46494, 1
152, 113.889128, 22.49985091, 2259900, 45198, 1
1207, 114.0179221, 22.65101941, 1177200, 25994.478430540803, 1
1149, 114.2704605, 22.74908238, 964953, 19494, 1
1251, 114.1108458, 22.61624122, 1182600, 23652, 1
0, 113.94393646931087, 22.527054880467904, 2714474, 49022.54932513589, 1
1065, 114.2586577, 22.59326556, 1582200, 31644, 1
872, 114.131624, 22.61412138, 911432, 20125.89149244365, 0
769, 113.9686058, 22.54653142, 3309174, 66852, 1
432, 113.8268095, 22.64682811, 1427319, 29125.98, 1
930, 114.1030108, 22.55214425, 1585671, 32357.34, 1
864, 113.8800022, 22.49385842, 2343600, 46872, 1
822, 113.8914139, 22.57915155, 1355318, 27380.16, 1
228, 113.8452861, 22.57255575, 2247993, 45414, 1
825, 114.0411463, 22.51529969, 1747575, 34951.5, 1
1414, 114.3840416, 22.71104477, 923400, 18468, 1
891, 114.0277042, 22.535769, 1877337, 37926, 1
959, 113.9125316, 22.53090269, 1803559, 36071.18, 1
1145, 114.0591952, 22.54008101, 1674000, 33480, 1
691, 114.0518669, 22.60421052, 1656565, 33804, 1
830, 114.1184496, 22.55142453, 1757224, 35499.48, 1
178, 114.0960048, 22.62649671, 1531629, 30942, 1
1349, 114.1043035, 22.58652143, 1193481, 23869.62, 1
527, 114.2290116, 22.5464949, 1045143, 21114, 1
951, 113.993116, 22.59373235, 2659500, 53190, 1
1322, 114.1251735, 22.69282988, 1083915, 21678.3, 1
464, 113.8897867, 22.58338662, 1495579, 30213.72, 1
880, 114.2289084, 22.72308742, 1225125, 24750, 1
1017, 114.0311193, 22.66163265, 1185966, 23719.32, 1
1483, 114.2654822, 22.71616594, 926100, 18522, 1
363, 113.9035763, 22.56325293, 1647324, 32946.48, 1
416, 114.1295402, 22.57343432, 1673298, 33804, 1
1205, 113.8854816, 22.58430443, 2030400, 40608, 1
1136, 113.9931464, 22.54557596, 2257200, 49842.6237796608, 1
559, 114.2839641, 22.75655484, 710829, 15696.253065157056, 0
331, 113.9615437, 22.55189256, 1660500, 33210, 1
169, 113.9151198, 22.77292533, 1200177, 24246, 1
1278, 113.8630781, 22.5839093, 1738800, 34776, 1
862, 114.1261461, 22.61215303, 1156950, 23139, 1
68, 114.0890018, 22.5398657, 1642389, 33179.58, 1
439, 114.1183749, 22.57145836, 1827000, 36540, 1
803, 113.8464461, 22.59849596, 1433322, 31650.06610008461, 1
1203, 113.9862955, 22.53712077, 1817640, 40541.847093504, 1
273, 113.9213225, 22.54220448, 2808000, 56160, 1
529, 114.0842514, 22.57459896, 1383278, 27945, 1
1273, 114.1993974, 22.70153885, 1109295, 22185.9, 1
425, 114.3239581, 22.68326099, 974700, 19494, 1
1152, 114.0095404, 22.54330407, 3051814, 56251.50514739999, 2
166, 113.9188922, 22.57944395, 1200771, 24015.42, 1
1486, 113.9634112, 22.54448132, 1973700, 39474, 1
1089, 114.3030508, 22.59987324, 895455, 18090, 1
715, 114.0532998, 22.51270835, 1992276, 40248, 1
1448, 114.0822853, 22.63028795, 1593000, 35176.014389952004, 1
1242, 113.8842557, 22.57875736, 1748142, 35316, 1
1365, 113.9688573, 22.55223593, 3342600, 66852, 1
1243, 114.1215163, 22.57176536, 1606473, 32454, 1
1141, 113.922354, 22.52687612, 2290761, 46278, 1
798, 113.9227683, 22.51235825, 2119905, 42398.1, 1
771, 114.1271144, 22.55046582, 2039505, 40790.1, 1
1455, 113.8821778, 22.57154463, 1331154, 26892, 1
165, 113.9923464, 22.54206556, 2106324, 42552, 1
1458, 114.0424518, 22.60068335, 1964655, 39690, 1
836, 114.1099183, 22.57313432, 1266300, 25326, 1
229, 113.9337326, 22.76402951, 1344303, 26886.06, 1
1058, 113.924989, 22.50836662, 1582200, 31644, 1
693, 113.9126887, 22.51986992, 1659042, 33516, 1
877, 113.8289193, 22.71956443, 1247633, 24914.731153623114, 1
552, 114.0265208, 22.53258663, 1697989, 37494.341178895294, 1
780, 114.1455916, 22.55024329, 1282500, 25650, 1
276, 113.9206787, 22.50698449, 2277450, 45549, 1
104, 114.1457116, 22.55421814, 1233900, 24678, 1
1340, 114.1505862, 22.60657466, 594288, 13255.395388674626, 0
51, 114.063623, 22.64649434, 1470150, 29700, 1
682, 114.1394023, 22.55853072, 1603960, 32403.24, 1
240, 114.0166391, 22.71416863, 1271700, 25434, 1
783, 114.0135686, 22.65590543, 1313550, 26271, 1
346, 113.9371832, 22.50632542, 2753190, 55620, 1
514, 113.9779929, 22.5540314, 3231288, 64625.76, 1
301, 114.0725556, 22.53082869, 1678282, 34247.16, 1
52, 113.9049729, 22.51545518, 2342106, 46842.12, 1
651, 113.8036736, 22.73717885, 1130679, 22842, 1
792, 114.1318523, 22.55347583, 1526400, 30528, 1
206, 113.9439369, 22.52534943, 3464100, 69282, 1
185, 114.1081865, 22.54774988, 1386990, 27739.8, 1
681, 114.1974524, 22.65186566, 882090, 17820, 1
788, 113.8803002, 22.56997857, 1352025, 27040.5, 1
876, 114.0352502, 22.52975706, 1239844, 25047.36, 1
1401, 114.1168188, 22.59559073, 1307799, 26155.98, 1
1269, 113.8556547, 22.57802118, 1907550, 42121.78672288321, 1
874, 114.1349087, 22.54322937, 1230392, 25107.48, 1
662, 114.1018944, 22.59273764, 1100234, 22226.94, 1
1256, 113.8764874, 22.56452482, 2328183, 51929.336497708806, 1
1002, 114.040472, 22.62411838, 1336500, 26730, 1
1413, 114.1270865, 22.62572878, 1485000, 29700, 1
1452, 114.324009, 22.67940409, 1071900, 21438, 1
408, 113.9150355, 22.58923228, 1755000, 35100, 1
624, 114.0434634, 22.54686617, 1595160, 31903.2, 1
1024, 114.1240901, 22.55821852, 1242000, 24840, 1
335, 114.2609681, 22.59084355, 815841, 16316.82, 1
1498, 114.3284852, 22.67832611, 942300, 18846, 1
1442, 113.8841394, 22.56825281, 1397250, 27945, 1
586, 114.0313355, 22.55962384, 2681019, 54162, 1
582, 113.9912094, 22.53805411, 2368278, 47844, 1
1312, 114.0281447, 22.56306471, 1816200, 36324, 1
979, 114.2269027, 22.71353655, 1579500, 34877.912573088004, 1
45, 114.0647495, 22.52052762, 1744200, 34884, 1
47, 114.1227205, 22.55684904, 1556550, 31131, 1
1384, 113.8849753, 22.56657531, 1472400, 29448, 1
1208, 114.0191951, 22.54249579, 3731676, 67393.29176481138, 0
14, 114.2687658, 22.72622812, 895050, 17901, 1
189, 114.1170722, 22.6153073, 1600168, 32003.36, 1
727, 114.0504346, 22.62711762, 1439100, 31777.6536777024, 1
156, 114.0186815, 22.63417359, 1919268, 38385.36, 1
160, 114.2576682, 22.72897917, 756000, 15120, 1
1427, 114.0019357, 22.54763075, 1599969, 32978.88, 1
442, 113.8962859, 22.58179492, 1297134, 25942.68, 1
101, 113.9572051, 22.59681871, 1437750, 28755, 1
1202, 113.9159869, 22.48814182, 2201216, 44469, 1
371, 114.0116897, 22.67376115, 1134000, 25040.552616576002, 1
1111, 114.2382816, 22.56736153, 1124250, 22712.12, 1
1496, 113.9013993, 22.59757761, 2138400, 43200, 1
1323, 114.2225225, 22.7024292, 1077219, 24027.006439238405, 1
201, 114.1358098, 22.561895, 1659151, 34198.74, 1
49, 113.9485411, 22.5778338, 1593000, 31860, 1
626, 113.9141317, 22.50931602, 1902600, 38052, 1
648, 114.2256146, 22.69747644, 799335, 17650.608576517443, 0
871, 114.1203418, 22.56092471, 1222560, 24451.2, 1
923, 113.9323153, 22.54424896, 2403000, 53062.12340179201, 1
1067, 114.024742, 22.65777296, 1117800, 22356, 1
1327, 114.2324594, 22.72394251, 908046, 18160.92, 1
283, 114.1535431, 22.55858495, 974700, 21522.951177580806, 0
1147, 114.059609, 22.54860145, 2737800, 54756, 1
1095, 113.9598751, 22.59964941, 2673000, 54000, 1
1151, 113.8564484, 22.62003008, 1417500, 28350, 1
1220, 114.2088018, 22.72854125, 1430055, 31896.894404448, 1
560, 113.9003681, 22.52930743, 2862783, 63853.40917226881, 1
1003, 114.1551732, 22.61770613, 933545, 18859.5, 1
1417, 114.0811583, 22.53859569, 1624050, 32481, 1
555, 114.1335832, 22.62485819, 1459593, 29191.86, 1
1179, 114.0000969, 22.53806975, 2137500, 42750, 1
867, 113.9080582, 22.5696617, 1744200, 34884, 1
859, 114.0193574, 22.63674828, 1586426, 32049, 1
532, 113.8846552, 22.58885046, 1590300, 31806, 1
536, 114.0348019, 22.67808826, 1525500, 30510, 1
849, 114.3027776, 22.61132674, 1620000, 35772.21802368, 1
1270, 114.0805462, 22.5528208, 2374961, 47979, 1
1464, 114.2001423, 22.65019022, 931500, 18630, 1
1317, 113.9105372, 22.54143641, 1784762, 36055.8, 1
1222, 114.0461952, 22.56901532, 1719900, 34398, 1
196, 113.9496693, 22.55122213, 3564000, 71280, 1
1446, 114.1192687, 22.55819955, 1123200, 22464, 1
1191, 114.1657279, 22.56885969, 1416150, 28323, 1
1432, 113.9029163, 22.57014649, 2084753, 42116.22, 1
1011, 113.8940988, 22.77962149, 1261656, 25488, 1
1311, 113.9999242, 22.55121255, 3240000, 64800, 1
705, 114.025783, 22.64965565, 1864243, 37661.48, 1
1227, 113.9727779, 22.56181651, 1780218, 35964, 1
614, 114.0215488, 22.62928066, 2443500, 48870, 1
976, 113.9703528, 22.54910257, 3309174, 66852, 1
679, 114.0408358, 22.55991118, 1722722, 35154, 1
1160, 113.9310952, 22.51119943, 2806650, 56700, 1
109, 113.8915523, 22.56941087, 1626333, 32855.22, 1
1339, 114.2977645, 22.59498283, 977400, 19548, 1
797, 114.1775677, 22.64341776, 891000, 17820, 1
133, 113.8832089, 22.78014068, 990947, 20019.14, 1
675, 113.8730238, 22.56231772, 2362932, 47736, 1
1492, 114.126645, 22.5469398, 1210950, 24219, 1
41, 114.2378371, 22.71639645, 1135692, 22713.84, 1
97, 114.0372803, 22.52318621, 1470150, 29700, 1
1387, 113.890645, 22.57484146, 1449900, 28998, 1
498, 114.0227262, 22.66113226, 1566108, 31322.16, 1
107, 114.076109, 22.53629136, 1808728, 36539.96, 1
986, 114.1255815, 22.54376704, 1401686, 28316.88, 1
509, 114.3475432, 22.66921114, 992351, 20250, 1
356, 113.9174436, 22.5158805, 1773466, 35827.6, 1
1, 114.0767642, 22.54745648, 1907867, 38157.34, 1
1004, 113.9229318, 22.51620911, 2057400, 41148, 1
608, 114.1017136, 22.57259824, 1287000, 25740, 1
87, 114.133031, 22.58758116, 1420254, 28692, 1
211, 114.0018187, 22.5381909, 2172251, 39230.405230078795, 0
1234, 113.9710961, 22.5426991, 1817640, 40541.847093504, 1
1056, 114.0389248, 22.54995203, 1624050, 35861.648568739205, 1
468, 113.8933817, 22.5087542, 2213605, 45171, 1
19, 114.0493994, 22.53432696, 2600100, 52002, 1
1439, 114.1042978, 22.5421643, 1476900, 29538, 1
637, 114.1836859, 22.65137456, 969300, 19386, 1
1360, 113.8144449, 22.67344472, 1026000, 20520, 1
978, 114.1965306, 22.64381334, 785700, 15714, 1
1253, 113.8826033, 22.55538645, 2588214, 46742.61048690239, 0
906, 114.1047815, 22.57994785, 1002051, 20041.02, 1
92, 114.2258562, 22.75410679, 1170090, 23401.8, 1
605, 114.1167281, 22.62348769, 1020195, 20610, 1
574, 113.9214811, 22.49313448, 1899900, 37998, 1
777, 114.0870811, 22.54214058, 1726740, 34883.64, 1
818, 114.103947, 22.55162521, 1316745, 26334.9, 1
1240, 113.981778, 22.54629889, 4843607, 87474.52933559816, 11
1459, 113.8687641, 22.56792019, 1479600, 29592, 1
1117, 114.2325571, 22.70186294, 869400, 17388, 1
540, 114.1222988, 22.61457652, 1062918, 21690, 1
646, 114.1673218, 22.56516296, 1344120, 26882.4, 1
426, 114.0805432, 22.56153818, 1871100, 41734.254360959996, 1
129, 114.0377195, 22.55782833, 2106000, 42120, 1
688, 113.8960955, 22.57055087, 2381590, 48112.92, 1
564, 114.1521654, 22.62244737, 1042200, 23013.460261900804, 0
518, 113.8154939, 22.76043031, 1290600, 25812, 1
575, 114.1359977, 22.6101582, 1032446, 20857.5, 1
441, 113.9701652, 22.5470668, 3342600, 66852, 1
1015, 113.9956005, 22.54075644, 3501630, 70740, 1
428, 114.0939211, 22.55454265, 2169140, 43821, 1
1199, 113.9512054, 22.57841494, 1675350, 36994.435472822406, 1
373, 113.9523377, 22.58285798, 1733939, 35029.08, 1
1019, 114.1379787, 22.55034631, 1115451, 22309.02, 1
588, 113.8470556, 22.6072369, 1523610, 33983.607122496, 1
488, 114.10663, 22.6041483, 1001187, 20023.74, 1
1481, 114.039483, 22.54536204, 2027700, 44774.8928929728, 1
753, 113.8901157, 22.57198593, 1393200, 27864, 1
1476, 113.9296542, 22.51692758, 2835000, 56700, 1
1154, 114.393146, 22.74389162, 772200, 15444, 1
143, 114.1643086, 22.56319397, 1460808, 29216.16, 1
1272, 114.255152, 22.6893383, 1069011, 21380.22, 1
85, 113.9272117, 22.5017876, 1939500, 38790, 1
878, 114.0527125, 22.69690619, 1427382, 28836, 1
380, 114.007117, 22.60084288, 2181320, 44512.2, 1
942, 114.2925324, 22.72481011, 872100, 19257.3773694144, 0
793, 114.1028875, 22.54545111, 1759422, 35543.88, 1
654, 114.2278932, 22.55791128, 1016501, 20535.38, 1
7, 114.0267685, 22.56030348, 2271321, 50154.438280100556, 1
1412, 114.2223735, 22.68043649, 983664, 19872, 1
142, 114.1157085, 22.55960862, 1390500, 27810, 1
50, 114.0163238, 22.53727597, 2411278, 48225.56, 1
252, 114.2579837, 22.68510514, 1032750, 20655, 1
77, 114.2232146, 22.68026417, 975645, 19710, 1
994, 114.0060361, 22.64477552, 1798929, 36342, 1
1047, 114.0669861, 22.54682441, 2046876, 41351.04, 1
968, 114.0464771, 22.56584568, 1714500, 34290, 1
716, 114.2653662, 22.72497823, 805910, 16281, 1
993, 113.9126704, 22.50856739, 2006888, 40543.2, 1
1080, 114.0843588, 22.56470925, 1760400, 35208, 1
366, 114.219348, 22.69336585, 1406700, 28134, 1
1331, 114.1290024, 22.55002197, 1384200, 27684, 1
443, 114.0603751, 22.52907668, 1541025, 30820.5, 1
499, 114.1014403, 22.62834855, 850500, 18780.414462432003, 1
1471, 113.8874063, 22.55910003, 2386800, 47736, 1
996, 113.912992, 22.5348174, 1832400, 36648, 1
260, 114.2380233, 22.56195234, 878485, 17569.7, 1
720, 114.0358617, 22.54489447, 2339091, 46781.82, 1
293, 114.3573882, 22.68876983, 1020573, 20411.46, 1
883, 113.906304, 22.51810499, 2218149, 44362.98, 1
901, 114.0664781, 22.51986198, 1722303, 34794, 1
315, 114.0542598, 22.60673817, 1889811, 38178, 1
636, 114.0611423, 22.53592798, 1936026, 34964.21459040119, 0
802, 114.1060677, 22.6003475, 834822, 16696.44, 1
146, 114.0374198, 22.63386006, 1301400, 26028, 1
1226, 113.9299498, 22.48990806, 2041200, 45072.994709836814, 1
699, 114.1155868, 22.62877384, 909657, 18193.14, 1
858, 113.9289069, 22.52668209, 1944000, 38880, 1
795, 113.9172178, 22.48916648, 2108997, 42606, 1
601, 113.9217899, 22.54817124, 2430000, 48600, 1
1345, 114.0521828, 22.51075325, 976293, 19525.86, 1
1131, 113.9675519, 22.54274466, 1949400, 38988, 1
567, 114.2367467, 22.72324864, 1083456, 21888, 1
1405, 114.2196488, 22.73043499, 976050, 19521, 1
175, 113.9234447, 22.53452262, 2335941, 43491.337230465004, 0
1293, 114.012641, 22.54062423, 3067380, 61347.6, 1
977, 114.0805965, 22.54176072, 2046600, 40932, 1
1289, 114.2326016, 22.55749627, 1229126, 24830.82, 1
856, 113.9218497, 22.53599972, 1823708, 36842.58, 1
525, 113.9201775, 22.50354598, 2119500, 42390, 1
736, 114.0882765, 22.54957863, 2618533, 58405.49910180693, 1
1082, 114.0844981, 22.55396949, 2700000, 54000, 1
1258, 114.2953817, 22.60513342, 969300, 19386, 1
569, 114.1228172, 22.60168925, 1558359, 31482, 1
40, 113.8652014, 22.5862659, 996762, 20136.6, 1
396, 113.8797414, 22.57248396, 1383999, 27959.58, 1
964, 113.9501158, 22.5829379, 1640687, 36964.625291136, 1
1044, 114.2502282, 22.57149983, 377163, 7543.26, 1
305, 114.1190419, 22.62508865, 1110600, 22212, 1
617, 114.2570457, 22.73647931, 1042470, 21060, 1
1212, 113.9517906, 22.56079444, 2008800, 40176, 1
37, 113.9303098, 22.75153761, 510302, 10309.14, 1
839, 114.2306448, 22.56149473, 1162638, 23252.76, 1
517, 114.0607589, 22.56084745, 1601100, 32022, 1
1087, 114.0629266, 22.64340795, 1363230, 27540, 1
857, 113.8713719, 22.59216138, 1220400, 24408, 1
46, 114.2676535, 22.58962665, 1310724, 26214.48, 1
963, 114.2375488, 22.729688, 1015740, 20520, 1
179, 114.0238058, 22.68184804, 1790302, 35806.04, 1
991, 114.2330761, 22.71232915, 1220150, 24403, 1
459, 114.2995022, 22.61895767, 1485000, 29700, 1
280, 114.0102744, 22.55383282, 3537000, 70740, 1
1132, 113.8443979, 22.60607457, 1755000, 35100, 1
698, 114.1951627, 22.63917509, 1146528, 22930.56, 1
403, 113.9687953, 22.56660558, 1908522, 38556, 1
794, 114.1072085, 22.62652505, 1141371, 23058, 1
333, 114.2296525, 22.5578889, 1248175, 25215.66, 1
703, 114.0620979, 22.52117971, 1350000, 27000, 1
542, 113.9137305, 22.53941897, 1703961, 34079.22, 1
940, 113.9863711, 22.5576736, 2451600, 49032, 1
250, 114.0419765, 22.55608436, 1723437, 34468.74, 1
974, 114.1249922, 22.69986308, 866052, 17496, 1
264, 113.8288835, 22.685504, 1145799, 22915.98, 1
22, 113.9053774, 22.48871233, 3131865, 63270, 1
1114, 114.026974, 22.52229749, 2057400, 41148, 1
384, 114.2651399, 22.71444255, 874071, 17658, 1
1033, 114.3066555, 22.67607433, 946512, 18930.24, 1
4, 113.808973, 22.73600021, 1309770, 29213.978052672, 1
1075, 114.3345937, 22.68546468, 774900, 15498, 1
1221, 114.091031, 22.56657562, 1620000, 32400, 1
182, 113.9787226, 22.59837117, 2430000, 48600, 1
603, 113.88068, 22.54759468, 2538602, 51284.88, 1
401, 114.1023868, 22.54818169, 1479060, 29880, 1
687, 114.0077078, 22.54389028, 3037036, 61974, 1
238, 114.3410788, 22.69204305, 737100, 16276.359200774401, 0
807, 114.1071909, 22.56922166, 1440337, 29097.72, 1
404, 113.9197434, 22.52402639, 2250450, 45009, 1
982, 114.251157, 22.59278629, 1018800, 20376, 1
801, 114.1087436, 22.54383051, 1402158, 28043.16, 1
1286, 114.063936, 22.54700848, 2035800, 40716, 1
58, 114.2264621, 22.55204742, 1063362, 21267.24, 1
328, 114.0864798, 22.54670254, 2909965, 58199.3, 1
1168, 114.2172382, 22.55800213, 1130589, 23070.88, 1
962, 114.1647447, 22.56349577, 1321920, 26438.4, 1
39, 114.1037883, 22.55407365, 1365309, 27306.18, 1
894, 113.9311877, 22.50132536, 2564463, 46313.67284106525, 1
1079, 114.0212973, 22.62184475, 2419065, 48870, 1
659, 114.1204817, 22.56692611, 2113526, 42270.52, 1
226, 113.9396419, 22.74453187, 1401300, 28026, 1
348, 114.0423111, 22.69632602, 1217700, 24354, 1
1257, 114.1330261, 22.6173389, 1031400, 20628, 1
120, 114.0340147, 22.57037079, 2103300, 42066, 1
361, 114.1738584, 22.64970683, 972864, 19457.28, 1
236, 114.1219544, 22.54206436, 1311227, 29541.890051222403, 1
612, 113.9040543, 22.57707871, 2314337, 46754.28, 1
1292, 113.9057355, 22.4787415, 2095079, 42752.34, 1
1313, 113.886871, 22.57638403, 1938600, 38772, 1
744, 114.29936, 22.59829562, 1174149, 23482.98, 1
1173, 113.9299459, 22.74871131, 1401300, 28026, 1
563, 114.1125384, 22.59592024, 1000110, 23222.131533705604, 0
307, 114.1755856, 22.56097261, 1235817, 24966, 1
903, 113.8678879, 22.5713629, 1887138, 42091.9765411968, 1
889, 114.0654682, 22.57372215, 2088000, 41760, 1
1348, 114.1063035, 22.60805859, 954261, 19278, 1
1370, 114.021228, 22.53092009, 2456487, 54791.11393960321, 1
444, 114.1349006, 22.56090918, 1517400, 30348, 1
1176, 114.2033274, 22.64866365, 1236600, 24732, 1
131, 113.979472, 22.5621445, 1721551, 38786.46902449633, 1
1016, 114.0151204, 22.63547529, 2008732, 40174.64, 1
1267, 114.0680177, 22.62361374, 1643841, 32876.82, 1
713, 113.8777133, 22.59947878, 1298142, 26225.1, 1
638, 113.8852549, 22.56447734, 2004750, 40500, 1
209, 114.2475063, 22.57044047, 1053670, 21286.26, 1
319, 114.0961268, 22.57251783, 1190285, 24289.06, 1
723, 114.2619689, 22.7128935, 801365, 16189.2, 1
168, 114.0154736, 22.65448952, 1283575, 25930.8, 1
221, 114.2915428, 22.61076659, 1603800, 32400, 1
1470, 114.0483532, 22.57083058, 1620000, 32400, 1
511, 113.9137127, 22.4855817, 3528360, 71280, 1
390, 114.1366585, 22.61360187, 1150318, 26709.922791014404, 0
340, 114.0327179, 22.56052807, 2186325, 43726.5, 1
1392, 113.9348713, 22.50589411, 2781000, 55620, 1
171, 113.9140583, 22.49114579, 1951290, 43522.865262144005, 1
781, 114.0607093, 22.61590083, 1561299, 31860, 1
1088, 114.2642784, 22.69275403, 1134000, 22680, 1
970, 114.1133745, 22.53726168, 941337, 19016.9, 1
1069, 114.0935406, 22.53768023, 1491750, 29835, 1
576, 114.0652697, 22.54712177, 2132523, 42650.46, 1
302, 114.0225579, 22.60437566, 2403000, 48060, 1
953, 114.1086432, 22.61121413, 939600, 18792, 1
1263, 113.922349, 22.50495552, 2122475, 42449.5, 1
650, 114.2376679, 22.71326216, 982414, 19846.74, 1
935, 114.0261419, 22.60543043, 1704942, 37647.874655388296, 1
292, 114.1278678, 22.55997049, 1961982, 39636, 1
154, 114.0211054, 22.66759528, 1104300, 22086, 1
526, 114.266457, 22.69397912, 1122660, 22680, 1
1073, 114.0452549, 22.52080883, 1833678, 37044, 1
987, 114.2709962, 22.72776478, 932850, 20598.835545302398, 0
701, 114.028049, 22.56061592, 1614600, 32292, 1
929, 113.8459078, 22.57715944, 1730740, 34614.8, 1
1295, 113.8949938, 22.60366993, 2389582, 48762, 1
407, 114.0785614, 22.54044272, 1553681, 31387.5, 1
1396, 113.9072223, 22.54231109, 2359800, 47196, 1
249, 114.0045131, 22.64230583, 1949400, 38988, 1
98, 114.104805, 22.59048458, 1222200, 24444, 1
1250, 114.0519279, 22.62135229, 1320300, 26406, 1
787, 114.2351148, 22.69717051, 894439, 20151.682820006405, 1
417, 114.2749632, 22.69678964, 786267, 15725.34, 1
1329, 113.934132, 22.50391084, 3564000, 71280, 1
1201, 114.2398126, 22.73337579, 893700, 17874, 1
0, 113.92872715703677, 22.514018333498516, 2192405, 39594.5084569756, 1
759, 114.159033, 22.61719484, 1194831, 24138, 1
731, 113.8307127, 22.63797102, 1270210, 25920, 1
36, 114.2325637, 22.56382751, 1437842, 29340.72, 1
220, 114.310415, 22.67057615, 567000, 11340, 1
598, 113.9359371, 22.4935171, 3100106, 63261, 1
1306, 114.0544854, 22.5696858, 1761480, 35229.6, 1
364, 113.9767135, 22.5617285, 1945944, 39312, 1
748, 114.1159011, 22.55616588, 1641222, 33156, 1
1116, 113.9153661, 22.51092968, 2269350, 50110.9154148384, 1
1042, 114.0285468, 22.56929008, 2103300, 42066, 1
1264, 114.2253701, 22.70516551, 805315, 16106.3, 1
1309, 113.9437705, 22.56308021, 1836000, 36720, 1
749, 114.023723, 22.53002473, 3104908, 56073.97507844939, 2
1328, 114.0403132, 22.56725171, 1985593, 39711.86, 1
1277, 114.0462136, 22.52884418, 2540700, 50814, 1
1428, 114.1340787, 22.550601, 1813050, 36261, 1
414, 113.9122957, 22.51269682, 2631600, 52632, 1
928, 113.8919984, 22.56474909, 2467665, 49353.3, 1
457, 114.1163164, 22.55172093, 1249910, 25763.4, 1
1026, 114.2976673, 22.60643053, 1168101, 26054.0987939136, 1
217, 114.1320955, 22.57547664, 1377081, 27541.62, 1
1108, 114.1501174, 22.55812182, 1657800, 33156, 1
888, 114.131942, 22.56673905, 1447430, 29241, 1
78, 113.8579814, 22.62330717, 1362829, 27810, 1
1465, 114.0718341, 22.54695264, 2311200, 46224, 1
898, 114.1149941, 22.57806977, 1242000, 24840, 1
1430, 113.871036, 22.56064904, 2322837, 46926, 1
427, 113.8746316, 22.55197004, 1614398, 32614.1, 1
640, 113.983226, 22.53869913, 1973700, 39474, 1
1035, 114.2262723, 22.55629366, 1250843, 25269.56, 1
1382, 114.0044968, 22.55502232, 3127410, 63180, 1
138, 114.0496003, 22.59798946, 1533600, 30672, 1
595, 114.1018588, 22.62024685, 873828, 17476.56, 1
854, 114.1164827, 22.54454616, 1138995, 22779.9, 1
1318, 114.1393443, 22.55366287, 1184625, 23692.5, 1
1484, 114.1388049, 22.61204261, 652212, 14547.368662963201, 0
950, 114.0130341, 22.62992084, 1972674, 39852, 1
1224, 113.9181211, 22.52648799, 1407290, 31389.12764305632, 1
915, 113.9477565, 22.5528883, 2662308, 53784, 1
177, 113.9653754, 22.56215852, 1897830, 38340, 1
1039, 114.0254433, 22.61534867, 1519776, 30395.52, 1
495, 113.9270294, 22.4862799, 3068671, 61373.42, 1
1052, 113.8534184, 22.57260798, 1900078, 37943.817768431996, 0
1169, 114.2468222, 22.72244962, 990738, 19814.76, 1
1283, 114.2862628, 22.73286435, 876744, 17712, 1
1347, 114.1433109, 22.55306729, 1212300, 24246, 1
381, 113.9082453, 22.48228251, 2489238, 49784.76, 1
571, 114.090952, 22.53891799, 1207528, 24394.5, 1
512, 113.9104005, 22.56214157, 1694130, 34224.84, 1
158, 114.1237946, 22.57070825, 2265300, 45306, 1
1076, 113.9235876, 22.4942459, 1966626, 44755.571478916805, 1
318, 114.1248603, 22.59405869, 2077807, 42399.9, 1
613, 113.8619944, 22.63229419, 781131, 15780.42, 1
437, 113.8573938, 22.55802078, 1194977, 24384.78, 1
245, 114.2320571, 22.54991148, 1516928, 30645, 1
357, 113.9691535, 22.55644475, 2290950, 45819, 1
392, 114.0224392, 22.63876677, 1296000, 25920, 1
1038, 114.1197653, 22.55462931, 1658597, 33507, 1
317, 114.2325281, 22.72728864, 1111860, 22237.2, 1
21, 113.8170316, 22.67345173, 974921, 19498.42, 1
34, 114.1134062, 22.6121577, 683399, 13945.5, 1
685, 113.9358056, 22.51703336, 6355376, 114776.75828041315, 10
750, 114.0651306, 22.55945076, 3003804, 60076.08, 1
1165, 113.817215, 22.77157357, 1177200, 23544, 1
722, 114.1369298, 22.56452266, 1633500, 32670, 1
826, 114.2228789, 22.55547241, 1255602, 25112.04, 1
121, 114.0830801, 22.63255927, 1552500, 31050, 1
1316, 114.1135575, 22.61516135, 691308, 13826.16, 1
886, 113.8846557, 22.56130469, 2149200, 42984, 1
1406, 113.902988, 22.51856299, 2656800, 53136, 1
591, 114.079839, 22.54379355, 1721907, 34438.14, 1
358, 114.1101877, 22.61879456, 1135250, 23166, 1
1098, 113.9316336, 22.53157254, 2160000, 43200, 1
887, 113.9696668, 22.55952746, 1944000, 42926.661628416, 1
655, 114.1351301, 22.58489774, 1299666, 26255.88, 1
11, 114.1148137, 22.54773635, 1353672, 27073.44, 1
351, 113.8938829, 22.55817388, 1417500, 28350, 1
1303, 113.926695, 22.52755538, 2370600, 52346.6790413184, 1
505, 113.8016913, 22.72411911, 1272051, 25441.02, 1
981, 114.103918, 22.53741437, 1888200, 37764, 1
254, 114.1060249, 22.6145958, 1767690, 35353.8, 1
149, 114.1038279, 22.60815141, 772176, 15599.52, 1
838, 113.9496673, 22.55344059, 3694291, 66718.12072444499, 1
908, 114.0627692, 22.6325557, 1122259, 22671.9, 1
946, 113.9250988, 22.48714364, 2140245, 42804.9, 1
163, 113.7721529, 22.6885906, 1252179, 25043.58, 1
863, 114.0263723, 22.55599854, 2339451, 46789.02, 1
1000, 114.2766921, 22.74216487, 430807, 9609.013964794176, 0
1325, 113.9376054, 22.75894114, 783000, 15660, 1
765, 113.901418, 22.60045571, 2438100, 48762, 1
692, 114.0211442, 22.65440316, 1115710, 22539.6, 1
762, 114.0813538, 22.53581846, 1823850, 36477, 1
943, 114.3096022, 22.60178033, 864000, 17280, 1
16, 114.0524017, 22.61619895, 1512000, 33387.403488768, 1
1027, 114.0545182, 22.63553639, 1397101, 27942.02, 1
1172, 114.048206, 22.54668049, 2513700, 50274, 1
29, 114.1695198, 22.56610274, 1301226, 26287.4, 1
1013, 114.2454337, 22.7144816, 1117651, 22353.02, 1
670, 114.238708, 22.70154264, 1233900, 24678, 1
706, 113.9305493, 22.50677465, 2547450, 50949, 1
1194, 114.1311411, 22.5519085, 1499436, 29988.72, 1
833, 113.9081997, 22.52314579, 2584791, 52218, 1
1282, 113.9736577, 22.54056569, 1801602, 40184.124913267195, 1
893, 114.0245556, 22.59994136, 2355180, 48060, 1
1164, 114.0597696, 22.52218548, 1780218, 35964, 1
892, 114.1014352, 22.58777566, 1134000, 22680, 1
345, 114.1171629, 22.58668779, 872917, 17812.8, 1
420, 113.9164422, 22.54071179, 1543979, 31506.56, 1
136, 114.2172984, 22.70310102, 1790910, 36180, 1
399, 114.0156186, 22.64755367, 1080783, 21834, 1
1482, 114.1041339, 22.6028314, 1790910, 36180, 1
1493, 114.2198708, 22.72619087, 1350000, 29810.1816864, 1
842, 114.2485412, 22.73406649, 851850, 17037, 1
314, 114.0988199, 22.55814228, 1492182, 29843.64, 1
1036, 114.2159068, 22.69932397, 1395306, 28188, 1
1166, 114.272928, 22.755462, 708570, 14171.4, 1
660, 113.9018206, 22.51295607, 2108700, 42174, 1
761, 113.8960551, 22.5573764, 1581393, 31947.34, 1
847, 114.2348507, 22.72008652, 1013400, 20268, 1
1280, 114.0492158, 22.62659024, 1514700, 30294, 1
1007, 114.0884063, 22.54678497, 2515757, 50315.14, 1
132, 114.058055, 22.69512613, 1692022, 33840.44, 1
1180, 114.1253632, 22.56775052, 1972226, 39842.94, 1
1046, 114.0339166, 22.527063, 1573649, 32112, 1
548, 114.1355471, 22.55109677, 1768500, 35370, 1
246, 114.0506499, 22.51219737, 1806043, 36120.86, 1
668, 114.0524428, 22.53036901, 1705374, 34452, 1
519, 113.9969301, 22.643064, 776774, 15692.4, 1
1129, 114.0621886, 22.52909332, 1567269, 31662, 1
105, 114.0424233, 22.68753666, 1290600, 25812, 1
653, 113.9206972, 22.53856602, 2500986, 50524.96, 1
904, 114.0737102, 22.53895916, 1683990, 34020, 1
1135, 114.0650394, 22.5727667, 1387287, 30942.968590483204, 1
572, 114.1092472, 22.58454536, 891000, 17820, 1
365, 114.1467551, 22.61262755, 743094, 15012, 1
534, 113.9218421, 22.59078246, 586926, 11738.52, 1
1139, 113.8542686, 22.58354685, 695844, 13916.88, 1
402, 114.2247438, 22.55792041, 1165677, 25740.031968635332, 1
486, 113.8839037, 22.48167429, 1746538, 39349.43982604801, 1
391, 114.1284211, 22.58563509, 1722749, 34803, 1
1214, 114.0623047, 22.57298812, 1495800, 29916, 1
278, 114.0636539, 22.57488868, 2054700, 41094, 1
248, 114.2021686, 22.69935561, 735858, 14717.16, 1
1040, 114.2636679, 22.73255078, 847800, 16956, 1
1122, 113.9599038, 22.59036487, 2223045, 44910, 1
285, 114.0617118, 22.54164569, 1783249, 33865.1589784986, 1
279, 113.7913371, 22.73468193, 1432971, 28659.42, 1
828, 113.8997248, 22.76878178, 1202850, 24300, 1
1061, 114.0759329, 22.53834309, 1749924, 35352, 1
1244, 114.0844851, 22.54205069, 1534500, 30690, 1
902, 113.8128267, 22.73422663, 1075572, 21511.44, 1
100, 113.9037457, 22.59445806, 2142209, 43276.94, 1
306, 114.1635844, 22.5675223, 1505925, 30118.5, 1
303, 114.1093755, 22.60445194, 951668, 19225.62, 1
1477, 114.0170986, 22.66684462, 1077799, 21993.66, 1
875, 113.9210812, 22.49246719, 1765725, 35314.5, 1
1265, 113.8934253, 22.56998563, 1178388, 23567.76, 1
1399, 114.2353215, 22.72684749, 2130274, 43035.84, 1
115, 114.0684466, 22.57172139, 1472850, 29457, 1
690, 114.1230387, 22.58068133, 1595781, 32238, 1
1188, 113.9439269, 22.55312777, 2513957, 51300, 1
957, 113.9081266, 22.55604156, 1603800, 35772.21802368, 1
1403, 113.9131858, 22.54233207, 1835460, 37080, 1
791, 114.1116159, 22.56249105, 1122660, 25040.552616576002, 1
421, 114.056674, 22.62875668, 1569051, 31698, 1
1193, 113.8983364, 22.57014897, 1316453, 26595, 1
91, 114.1064578, 22.63062554, 1107000, 22140, 1
172, 113.8984836, 22.57376001, 2173473, 43469.46, 1
1093, 114.0645435, 22.64972893, 1525500, 30510, 1
17, 113.9725439, 22.55005074, 2670327, 53946, 1
599, 114.1366077, 22.63006688, 1071501, 22086, 1
1053, 114.0182988, 22.63196421, 1971000, 39420, 1
255, 114.1270158, 22.60668351, 1234926, 24698.52, 1
1106, 114.1122592, 22.54745874, 1089248, 22005, 1
48, 114.0433814, 22.56069812, 1659933, 33534, 1
1210, 113.8949748, 22.56749463, 2111400, 42228, 1
1480, 114.0560976, 22.60770345, 1889811, 38178, 1
584, 114.0064083, 22.64803167, 1849500, 36990, 1
405, 113.8455531, 22.62289282, 1785888, 35717.76, 1
579, 114.0785332, 22.57760417, 1389960, 28080, 1
9, 114.0252775, 22.6568041, 1498662, 33427.1503976832, 1
1344, 114.2464279, 22.59127182, 1021086, 22774.978808409604, 1
456, 114.0455283, 22.54648056, 2432430, 54254.530669248, 1
469, 114.0719223, 22.66166336, 1257255, 25145.1, 1
751, 114.0432457, 22.55153549, 1511325, 30226.5, 1
539, 114.020688, 22.5546845, 3311847, 66906, 1
336, 113.8825324, 22.575215, 1336500, 26730, 1
524, 114.1312649, 22.609293, 905850, 18117, 1
1469, 114.0430301, 22.55562313, 1727649, 38534.6281932864, 1
627, 114.2920662, 22.60289052, 1168101, 23598, 1
1084, 113.9895344, 22.53161406, 2565000, 51300, 1
634, 114.2180284, 22.69007596, 1392633, 28134, 1
341, 114.1281902, 22.61384109, 934875, 18697.5, 1
1209, 113.848971, 22.61149351, 1647000, 32940, 1
870, 114.0909507, 22.57035482, 1394584, 28458, 1
1307, 114.0261157, 22.63404516, 1557900, 31158, 1
1364, 114.0270318, 22.64049941, 1373922, 30644.866773619204, 1
746, 114.0153588, 22.62734916, 1972674, 39852, 1
1225, 113.8225198, 22.68462413, 983664, 19872, 1
44, 114.2874449, 22.72725532, 656258, 13391.66, 1
76, 114.1103547, 22.53694276, 1201500, 24030, 1
298, 113.9109412, 22.57815609, 1904513, 38475, 1
799, 114.0729145, 22.65192979, 1399877, 28566, 1
299, 113.874393, 22.59737933, 2141501, 43262.64, 1
1138, 113.9813212, 22.55009987, 4448545, 80339.78920711124, 8
118, 114.1538611, 22.60964201, 1264329, 25542, 1
1274, 114.2047847, 22.70875643, 1458000, 29160, 1
1271, 114.1332851, 22.58555106, 1698102, 33962.04, 1
352, 113.9464051, 22.5290985, 2647786, 47818.432474299356, 0
841, 114.0282813, 22.62809825, 1458000, 29160, 1
1229, 114.2375805, 22.71960573, 976185, 21555.742377435847, 0
726, 114.0076839, 22.63159925, 1898100, 37962, 1
988, 114.1182233, 22.54045076, 1127310, 22546.2, 1
1009, 113.8885816, 22.57839234, 1611225, 32224.5, 1
117, 113.9620102, 22.54446133, 1950301, 39400.02, 1
899, 113.916999, 22.50356757, 2685528, 53710.56, 1
925, 114.0637197, 22.53426758, 1333600, 26672, 1
477, 114.125836, 22.5670098, 1515076, 30916.76, 1
779, 114.2371294, 22.5886584, 1265400, 25308, 1
194, 114.0825265, 22.54407702, 1326407, 26528.14, 1
806, 114.1114102, 22.60452048, 606512, 12376.52, 1
1162, 114.2681153, 22.73476386, 501268, 11180.606743301187, 0
1006, 114.1103715, 22.57717689, 1279800, 25596, 1
790, 114.2096575, 22.69814443, 1119231, 22384.62, 1
778, 114.0361205, 22.69654898, 1398600, 27972, 1
1358, 114.0169023, 22.63031988, 2076300, 41526, 1
204, 113.8971125, 22.55337372, 1789276, 35785.52, 1
531, 113.9267496, 22.52384886, 2757200, 55701, 1
708, 114.1145233, 22.54489976, 1173171, 23463.42, 1
775, 113.8714447, 22.57808297, 1224000, 24480, 1
967, 113.811802, 22.66183387, 1376060, 28080, 1
1463, 113.9607166, 22.59511919, 1840361, 37179, 1
65, 114.1376337, 22.62364727, 1231182, 24623.64, 1
785, 114.1151491, 22.69657187, 1161000, 23220, 1
62, 113.9133121, 22.52485428, 1875176, 37882.34, 1
438, 114.2625363, 22.74366001, 1087697, 21973.68, 1
917, 114.081089, 22.54846213, 2111634, 42659.28, 1
1078, 114.2421145, 22.73886973, 1082700, 21654, 1
1113, 114.11885, 22.56581934, 2274471, 45489.42, 1
934, 114.1169456, 22.5846696, 1212971, 25002, 1
920, 113.9216868, 22.50154896, 2195007, 44791.5, 1
882, 113.9400233, 22.52891281, 3263512, 58938.35111989379, 2
1161, 114.2484364, 22.73770263, 760023, 15354, 1
251, 113.9149808, 22.52972851, 1676013, 33520.26, 1
454, 113.9195592, 22.56217377, 1404000, 28080, 1
1321, 113.9309062, 22.52346443, 2718441, 54918, 1
510, 113.9281487, 22.51180739, 2505269, 50611.5, 1
581, 114.1701289, 22.57016194, 1444500, 28890, 1
224, 114.0509316, 22.56414593, 1676934, 33538.68, 1
1397, 114.1101404, 22.54153671, 1117404, 22573.82, 1
409, 114.1425122, 22.54792195, 1319454, 26389.08, 1
657, 113.8847797, 22.57238172, 1260900, 25218, 1
1068, 113.8357379, 22.64104742, 1311471, 26229.42, 1
1362, 114.0350812, 22.6040573, 1558359, 31482, 1
1167, 113.9337469, 22.52261679, 2572809, 47901.42336348, 0
415, 113.8086356, 22.70191858, 1596321, 31926.42, 1
124, 114.1757151, 22.6364007, 1186650, 23733, 1
840, 114.1403311, 22.69914974, 918000, 18360, 1
643, 114.1017011, 22.63294473, 1007721, 20358, 1
506, 114.1056055, 22.55178546, 1277985, 25559.7, 1
180, 114.1998898, 22.724382, 752260, 15045.2, 1
1158, 113.8858823, 22.49565763, 1563300, 31266, 1
387, 114.2301449, 22.7142685, 1552038, 31671, 1
850, 113.9556978, 22.59273165, 2025329, 36577.02013874888, 1
1367, 113.8947222, 22.55628177, 1617300, 32346, 1
1461, 113.9947671, 22.59160367, 1919700, 38394, 1
694, 114.116512, 22.70440433, 1274265, 25485.3, 1
1391, 113.9552755, 22.57637077, 2691900, 53838, 1
851, 114.1055723, 22.62082856, 1139400, 22788, 1
1107, 113.8787515, 22.57989058, 908820, 20270.923546752, 0
155, 114.2424108, 22.59416598, 1018710, 22494.76310055744, 0
896, 113.8517805, 22.77494241, 1218051, 24855.66, 1
819, 114.0348884, 22.5543998, 2119001, 43240.5, 1
482, 114.0304731, 22.6598973, 1089288, 24053.23939912243, 1
1441, 113.9435859, 22.52897713, 3540600, 70812, 1
1130, 114.092182, 22.54833053, 2540740, 50814.8, 1
325, 113.816067, 22.77399148, 1177200, 23544, 1
989, 114.2702516, 22.69388022, 1042069, 21051.9, 1
503, 114.0494119, 22.72452175, 1862279, 37621.8, 1
1050, 114.0922467, 22.57254736, 1419363, 28674, 1
316, 114.0430051, 22.67646734, 1366200, 27324, 1
1262, 114.136865, 22.62534243, 1166400, 23328, 1
843, 114.1736769, 22.5659405, 1703700, 34074, 1
1245, 114.2507345, 22.72444121, 843332, 17037, 1
558, 114.0704913, 22.54506796, 2165400, 43308, 1
680, 114.2556224, 22.59162635, 1011463, 22560.34550026752, 0
502, 114.0284364, 22.59933673, 2394874, 48870, 1
735, 114.0902703, 22.54713783, 2039141, 45027.52866236102, 1
782, 114.0560703, 22.51722626, 1698300, 33966, 1
1355, 113.8990061, 22.56329767, 1026000, 20520, 1
1314, 114.0181437, 22.55644728, 2672332, 53986.5, 1
161, 114.0264507, 22.53920301, 1033938, 20678.76, 1
192, 113.8493022, 22.59437716, 1889847, 37796.94, 1
446, 113.908799, 22.54103119, 1995300, 39906, 1
1192, 114.3380546, 22.70875335, 1081981, 22302, 1
721, 114.0124577, 22.54778547, 3159000, 63180, 1
528, 114.0794825, 22.560891, 2511614, 50232.28, 1
13, 113.8417555, 22.60541168, 1255176, 25103.52, 1
1045, 114.0975795, 22.54135804, 1522274, 30753, 1
125, 113.9172828, 22.49908362, 1897830, 38340, 1
429, 114.1049696, 22.5579356, 1344194, 27155.44, 1
997, 114.2674922, 22.7252817, 812993, 16424.1, 1
784, 114.2679761, 22.715247, 1083321, 21666.42, 1
885, 114.1317115, 22.59419436, 1129957, 23058, 1
508, 114.3337922, 22.6956631, 1037934, 22919.260087771778, 1
1213, 114.3246862, 22.68515792, 750324, 15158.06, 1
641, 113.9080407, 22.49400061, 2613600, 52272, 1
1159, 114.0189331, 22.53066853, 1491534, 30132, 1
1126, 114.0635426, 22.61827732, 1442217, 29430, 1
931, 113.8468301, 22.61160865, 1894752, 41839.18620049614, 1
326, 114.2209081, 22.5614386, 1598454, 35652.977296934405, 1
1346, 113.9052252, 22.56894945, 2432349, 48646.98, 1
1249, 114.1334316, 22.58150305, 1336500, 27000, 1
596, 114.0386285, 22.55495065, 2152476, 48495.20356743552, 1
113, 114.1234008, 22.62789153, 1159191, 23418, 1
587, 113.9833984, 22.68138002, 1359283, 27737.64, 1
537, 114.1889177, 22.6498944, 958500, 19170, 1
879, 114.1322741, 22.57814231, 1732374, 35708.04, 1
1368, 114.0770503, 22.54085385, 1817536, 36350.72, 1
1215, 114.3000583, 22.72512513, 945000, 18900, 1
465, 113.9002739, 22.48314129, 2733750, 54675, 1
619, 113.808932, 22.73500402, 1309770, 26460, 1
449, 113.8533064, 22.75537504, 1026000, 22655.738081664003, 1
1438, 114.1227558, 22.54464394, 1208463, 24660, 1
410, 113.9412351, 22.76133931, 1142100, 22842, 1
288, 114.0763185, 22.56025754, 2592810, 52380, 1
1500, 114.0172506, 22.54087746, 3450600, 69012, 1
256, 114.2735858, 22.73120711, 1057428, 21148.56, 1
1021, 114.2751117, 22.74890723, 843075, 18616.458463156803, 0
338, 114.0204046, 22.53807139, 2291539, 45761.13680101884, 0
265, 113.8651559, 22.57054362, 1361700, 27234, 1
593, 114.1148965, 22.58845796, 1211166, 24223.32, 1
235, 114.2341293, 22.73357275, 1283040, 25920, 1
1381, 114.0993355, 22.62579671, 1483650, 29673, 1
353, 113.9917714, 22.53415387, 2223936, 44928, 1
1144, 113.8539035, 22.61759091, 1302588, 26051.76, 1
550, 114.0403327, 22.59988803, 1763100, 35262, 1
1426, 114.1122248, 22.6075147, 1134911, 22698.22, 1
597, 114.0647897, 22.62874665, 1093500, 21870, 1
434, 114.1612636, 22.61026465, 860514, 19387.349761567108, 0
93, 114.0090737, 22.63994719, 3689835, 66637.6573462369, 0
758, 114.0001173, 22.64777277, 1514700, 30294, 1
436, 114.0173094, 22.62430723, 1332261, 26645.22, 1
419, 113.9338951, 22.50164756, 3210808, 65520, 1
910, 114.2226018, 22.72278625, 955800, 19116, 1
764, 114.0941849, 22.56324387, 1503509, 30373.92, 1
544, 114.1376962, 22.59014356, 1962900, 39258, 1
1010, 113.899782, 22.51468963, 2350350, 47007, 1
1336, 114.1172407, 22.63049964, 1457649, 29152.98, 1
282, 113.8522069, 22.6141377, 1638000, 32760, 1
932, 114.1282534, 22.56209187, 1912500, 38250, 1
853, 114.0471928, 22.53013391, 2317140, 46342.8, 1
262, 114.1103352, 22.68648221, 1115100, 22302, 1
837, 114.1187027, 22.57398636, 1621728, 35810.3750562386, 1
1425, 114.4039807, 22.64005942, 989010, 19980, 1
861, 114.0421977, 22.61567768, 1963691, 40071.24, 1
61, 114.0517272, 22.51506048, 2247331, 44946.62, 1
393, 113.8886117, 22.77684509, 1512405, 30248.1, 1
320, 113.9084027, 22.53064115, 2156220, 43560, 1
954, 114.135555, 22.60315924, 1030050, 20601, 1
80, 113.9866183, 22.67391637, 1215000, 24300, 1
237, 113.8577667, 22.58392266, 1474821, 29496.42, 1
1472, 114.0240966, 22.63303427, 1528200, 30564, 1
1390, 114.3675525, 22.73932439, 318782, 6440.04, 1
2, 113.8922297, 22.54960966, 2659500, 53190, 1
343, 114.0436235, 22.56713422, 1184153, 24408, 1
1115, 114.0836915, 22.54464969, 1496064, 30223.52, 1
1474, 114.0354747, 22.52564391, 1730768, 34965, 1
1497, 113.9048476, 22.59788812, 2389582, 53837.1881256384, 1
239, 113.8998265, 22.51094629, 2413800, 48276, 1
1083, 113.9109423, 22.55746874, 1036670, 20942.82, 1
413, 114.2084736, 22.70857754, 1105866, 22117.32, 1
277, 114.0339235, 22.5440893, 2295000, 45900, 1
565, 114.1491021, 22.54897152, 1772365, 36167.04, 1
0, 114.08299300154083, 22.553127978175954, 2091245, 37767.122450286, 0
1090, 114.1214859, 22.54613392, 1292703, 26379, 1
461, 114.2996634, 22.58772059, 2548422, 56273.276173051025, 1
1023, 114.1719252, 22.56852138, 1638000, 36169.687112832005, 1
1241, 114.2472049, 22.71845507, 781197, 15781.76, 1
568, 114.1183316, 22.56107544, 1472093, 30039.66, 1
948, 114.0593745, 22.57563188, 1493100, 29862, 1
1324, 113.9268446, 22.50714537, 2096523, 42354, 1
1028, 114.078063, 22.53733783, 1573506, 31788, 1
1260, 114.070886, 22.57135137, 1356548, 27405, 1
3, 114.201737, 22.70969063, 1273685, 25731, 1
969, 114.1870302, 22.65538061, 858600, 17172, 1
31, 114.1354808, 22.56964572, 1502637, 30052.74, 1
157, 114.1928299, 22.64789934, 911700, 18234, 1
551, 114.0706314, 22.52768003, 1670938, 30176.806746484723, 1
440, 113.889344, 22.56290387, 1325700, 26514, 1
577, 113.9530413, 22.57404856, 1871100, 37800, 1
355, 114.0217343, 22.65356868, 1443600, 28872, 1
911, 114.0575448, 22.53709734, 1115397, 22307.94, 1
369, 113.9236458, 22.52457026, 1369913, 27675, 1
1057, 114.1329378, 22.60950451, 801900, 16200, 1
327, 114.2484599, 22.73174, 1025100, 22635.864627206403, 1
1375, 113.9183133, 22.49543257, 2103300, 42066, 1
1315, 114.3042553, 22.60337255, 1042470, 21060, 1
927, 114.0562232, 22.51990442, 1999350, 39987, 1
153, 114.1185954, 22.59768455, 1249039, 25488, 1
743, 114.0619709, 22.69241265, 1298700, 25974, 1
1359, 114.1049162, 22.62590914, 1129957, 23058, 1
1409, 114.1411711, 22.55105452, 1365903, 30466.005683500807, 1
424, 113.8355095, 22.59032396, 1957824, 39156.48, 1
554, 114.1186598, 22.53707709, 1309957, 26463.78, 1
287, 114.0085987, 22.56776331, 2700000, 54000, 1
677, 114.0878655, 22.57238118, 1336500, 29810.1816864, 1
295, 114.11241, 22.54223148, 978705, 19574.1, 1
411, 113.9256338, 22.51572657, 2114014, 42280.28, 1
313, 114.2999413, 22.76820291, 1001970, 20039.4, 1
823, 114.0109379, 22.56738903, 2613600, 52272, 1
1104, 113.933393, 22.49101418, 3132000, 62640, 1
496, 114.0660873, 22.62543468, 1413696, 28559.52, 1
53, 114.1258456, 22.70170658, 821667, 16767, 1
397, 114.1363146, 22.61920252, 1163700, 23274, 1
1155, 113.9416942, 22.58496019, 2324700, 51333.1328639808, 1
1181, 113.8909863, 22.77584712, 1291059, 26082, 1
1012, 113.8880662, 22.59094183, 1379700, 27594, 1
827, 113.9395252, 22.74660296, 1401300, 28026, 1
944, 113.9222668, 22.53854073, 2590200, 51804, 1
339, 114.0380729, 22.65203364, 448902, 8978.04, 1
811, 114.2918596, 22.7332325, 751113, 15174, 1
200, 114.1364108, 22.58071642, 1539000, 30780, 1
1302, 113.8723553, 22.56992037, 900801, 18198, 1
0, 114.0047737077914, 22.553127978175954, 2687715, 48539.940802692494, 1
1431, 114.0552119, 22.57259476, 1563380, 28234.298856309786, 0
1411, 113.8281835, 22.78771022, 1224234, 24732, 1
1134, 113.9073847, 22.53967906, 2120986, 43281, 1
1298, 114.0734797, 22.53513319, 1650809, 33349.68, 1
1418, 113.8963327, 22.58379126, 1176120, 23760, 1
310, 113.8331494, 22.77119285, 702000, 15501.294476928002, 1
1085, 114.0844342, 22.54751853, 2423883, 43774.825694083185, 0
88, 114.1034408, 22.56883008, 1994833, 40299.66, 1
1423, 114.0783056, 22.54244888, 1326049, 26788.86, 1
1495, 113.8620862, 22.6198378, 1309770, 26460, 1
971, 113.8712327, 22.59794122, 1746900, 34938, 1
1402, 113.9262389, 22.51063991, 2446024, 48920.48, 1
814, 114.1466609, 22.60673974, 817938, 16524, 1
1393, 114.1187972, 22.54758788, 1384347, 27966.6, 1
702, 113.9091002, 22.52678535, 1938816, 39168, 1
592, 114.1002178, 22.54785762, 1533634, 30982.5, 1
223, 113.8957434, 22.53233885, 3109978, 57902.62935561859, 2
1171, 114.1149586, 22.53830507, 1510650, 30213, 1
463, 114.1178066, 22.60123914, 1146182, 23155.2, 1
433, 114.0981961, 22.61381608, 1111968, 22464, 1
949, 114.1196643, 22.5448738, 1559601, 31192.02, 1
478, 113.8971921, 22.59802317, 2314494, 46289.88, 1
1218, 114.1299479, 22.57726751, 1397979, 28242, 1
709, 113.8593418, 22.62832393, 1138941, 22778.82, 1
190, 113.9072826, 22.56269528, 2173069, 43900.38, 1
1187, 113.9359076, 22.50245966, 2726460, 55080, 1
406, 114.0565715, 22.63708957, 885600, 17712, 1
1252, 114.2115401, 22.71321091, 990900, 19818, 1
695, 113.9663665, 22.53298109, 2673000, 54000, 1
1184, 114.2293875, 22.55232667, 1054438, 21301.78, 1
742, 114.0538106, 22.56289837, 1420191, 28403.82, 1
1228, 114.1080087, 22.68908288, 1078850, 21794.94, 1
1378, 113.9091263, 22.53367041, 1956636, 39528, 1
128, 114.1078266, 22.5959355, 741984, 14989.58, 1
621, 114.1163171, 22.68047672, 222480, 4449.6, 1
961, 114.0569722, 22.51413081, 1871100, 37800, 1
360, 114.4135457, 22.63002625, 713700, 14274, 1
664, 113.9598081, 22.53710949, 2303202, 41595.35873685659, 0
12, 114.2164448, 22.72955162, 1293732, 26136, 1
980, 113.9092736, 22.48390027, 2717550, 54900, 1
936, 114.2221366, 22.6951384, 1409400, 31121.829680601608, 1
151, 113.931892, 22.51493316, 3033855, 67669.11242812799, 1
116, 114.1298549, 22.55264981, 1505594, 33581.765873363336, 1
663, 113.880545, 22.56089154, 2386800, 47736, 1
1376, 113.9066951, 22.52846257, 2203200, 44064, 1
112, 114.017922, 22.73325281, 963603, 19272.06, 1
309, 114.0463786, 22.62462621, 1558359, 31482, 1
583, 114.1273812, 22.56908371, 1557094, 31141.88, 1
1255, 114.2587965, 22.73161223, 813929, 16443, 1
1388, 114.2101908, 22.70825517, 646920, 12938.4, 1
1233, 114.1287442, 22.55567899, 1343806, 27147.6, 1
127, 113.9419285, 22.55326824, 2648025, 52960.5, 1
297, 114.1167624, 22.56310054, 1521615, 30432.3, 1
1374, 114.0923279, 22.55550622, 2239650, 44793, 1
1128, 114.0236514, 22.62886945, 2044557, 40891.14, 1
476, 114.0056544, 22.53746564, 2053606, 41486.98, 1
1246, 113.9304681, 22.48321564, 2978500, 55454.74161839999, 2
174, 113.936328, 22.49790164, 3314520, 66960, 1
1206, 113.9154325, 22.50045744, 2315736, 51135.19325758311, 1
869, 113.9884952, 22.54482949, 2942433, 64973.675800043726, 1
1326, 114.0404352, 22.56107122, 2260022, 50409.0172317024, 1
1400, 114.2538351, 22.73217567, 1093500, 21870, 1
59, 114.2483577, 22.72462565, 783189, 15822, 1
1445, 113.9265884, 22.48453495, 2740500, 54810, 1
322, 114.2122946, 22.72380437, 1291901, 26099, 1
83, 114.2302536, 22.70924145, 1314359, 29316.32634312864, 0
210, 113.8170674, 22.69635996, 1143153, 25497.642069100802, 1
1198, 114.1203709, 22.59595002, 1218888, 24624, 1
844, 114.0410513, 22.56905086, 1541700, 30834, 1
1018, 113.9049635, 22.47629877, 2166048, 43320.96, 1
452, 114.1218402, 22.55305093, 2080369, 41607.38, 1
73, 114.0821844, 22.57725959, 1660824, 33552, 1
674, 113.9013839, 22.5753663, 2306030, 46586.46, 1
921, 113.9144555, 22.49428932, 2223936, 44928, 1
1291, 113.9327439, 22.51752828, 2459160, 49680, 1
1170, 114.0624727, 22.62353595, 1496880, 30240, 1
632, 113.8885349, 22.5522118, 4022915, 72652.9861481823, 4
1105, 114.2045003, 22.7136677, 1127311, 23004, 1
1440, 114.0686703, 22.61984124, 1577070, 31860, 1
1352, 114.0548224, 22.51337137, 1891350, 41764.0645426464, 1
135, 113.8740527, 22.59011904, 1566378, 31644, 1
466, 114.0159932, 22.66481946, 1210869, 24462, 1
43, 113.9064691, 22.57201045, 1880311, 37986.08, 1
1429, 114.3340605, 22.68856789, 717139, 14634, 1
368, 114.0451706, 22.51174816, 2115000, 42300, 1
451, 114.0394543, 22.62014133, 1441800, 28836, 1
952, 114.2472287, 22.60039407, 1429893, 28597.86, 1
760, 114.0724755, 22.5421678, 1144899, 23129.28, 1
678, 113.85475, 22.61522675, 1296000, 25920, 1
15, 113.922359, 22.52020784, 1671765, 33773.04, 1
222, 114.0639037, 22.53085766, 1755900, 35118, 1
1186, 114.2044037, 22.65303021, 1269140, 25639.2, 1
1118, 113.9597256, 22.54909352, 5619213, 112384.26, 1
308, 113.8736143, 22.57363596, 1959937, 39594.68, 1
139, 113.9203572, 22.53052668, 1725300, 34506, 1
1373, 114.3348848, 22.68106926, 912600, 18252, 1
1086, 114.1521987, 22.61530084, 1290600, 25812, 1
470, 113.8213466, 22.68751168, 1350000, 27000, 1
999, 113.9379107, 22.76365792, 1263600, 25272, 1
450, 114.0190381, 22.52747006, 2241000, 44820, 1
747, 114.0634086, 22.53870217, 1533600, 30672, 1
69, 113.9970249, 22.59258247, 2266704, 45792, 1
1337, 113.8933541, 22.58630872, 1252800, 25056, 1
990, 114.1021445, 22.61419985, 832543, 16988.94, 1
455, 113.9604081, 22.59344042, 2295000, 45900, 1
57, 114.0403301, 22.5338741, 1833844, 40903.27898523956, 1
1494, 114.1319202, 22.6117906, 1028797, 20783.78, 1
704, 113.924925, 22.56193358, 1603800, 32400, 1
54, 114.3871403, 22.71081409, 969381, 19387.62, 1
545, 114.2819348, 22.73821424, 837000, 16740, 1
483, 114.1315695, 22.60643929, 1457676, 29448, 1
890, 113.8840849, 22.55088219, 2721600, 54432, 1
1385, 113.9755917, 22.56720268, 2062800, 41256, 1
460, 114.0527146, 22.57151037, 1511829, 30236.58, 1
855, 114.2390716, 22.55917562, 1538365, 33969.585296295365, 1
330, 114.041099, 22.60560235, 1944000, 38880, 1
193, 114.2990902, 22.72391568, 924912, 18498.24, 1
453, 114.0147607, 22.54623141, 3472200, 75168.41891904, 1
686, 114.2303179, 22.55400112, 1156073, 23355, 1
430, 113.8197806, 22.67144481, 1389618, 27792.36, 1
717, 114.104608, 22.57488543, 1356214, 27675, 1
606, 114.0829143, 22.55096604, 2910640, 58212.8, 1
60, 113.8827845, 22.49341304, 2394630, 47892.6, 1
376, 113.9248626, 22.49505083, 1802756, 36419.32, 1
1178, 113.9170568, 22.53497487, 1606500, 35474.116206816, 1
589, 113.8259751, 22.68298054, 1199509, 24232.5, 1
462, 114.0605613, 22.57273526, 1824741, 36494.82, 1
242, 113.8728022, 22.55872702, 2362932, 47736, 1
538, 113.8641131, 22.57823681, 1539000, 30780, 1
755, 113.9156862, 22.52466374, 1882460, 38029.5, 1
90, 113.9584741, 22.52832046, 3321000, 66420, 1
1174, 114.1151864, 22.5574876, 1523459, 30776.94, 1
1175, 114.1468428, 22.55594912, 1171416, 23904, 1
232, 114.0634647, 22.71861803, 1216215, 24570, 1
1467, 114.1309326, 22.58914446, 1423679, 28761.2, 1
1102, 114.1155919, 22.56390746, 1380076, 27880.32, 1
367, 113.9245668, 22.48259769, 3100680, 62640, 1
737, 114.054181, 22.59691261, 1949400, 38988, 1
26, 114.4090079, 22.63359562, 648000, 12960, 1
1124, 114.0192611, 22.65543333, 1142708, 23085, 1
5, 114.1369357, 22.60481852, 858033, 17334, 1
622, 114.0549424, 22.56614636, 1649288, 33655.5, 1
1211, 114.1389878, 22.60814403, 850014, 17172, 1
268, 113.8634262, 22.60339678, 1127871, 24905.214391719746, 1
1189, 114.0459589, 22.56174254, 2103300, 42066, 1
0, 113.94610922810455, 22.527054880467904, 2754817, 49751.61451295519, 0
394, 113.979212, 22.54353797, 1925100, 42509.319084806404, 1
489, 114.144408, 22.61981457, 1236600, 24732, 1
734, 113.8998904, 22.580372, 1352992, 27333.18, 1
513, 113.9631976, 22.5273602, 3922866, 70846.12388470695, 0
926, 114.1474494, 22.62468159, 487242, 9744.84, 1
23, 113.9032597, 22.77940868, 1261656, 25488, 1
247, 114.0478585, 22.52515452, 1767825, 35356.5, 1
712, 114.4022505, 22.6204849, 972000, 21463.330814208, 1
972, 113.9194252, 22.55198723, 1956150, 39123, 1
669, 113.9271505, 22.55198567, 1647000, 32940, 1
770, 113.8539062, 22.57822354, 2160000, 43200, 1
615, 113.9840701, 22.59480876, 2254622, 46008, 1
71, 114.1381004, 22.54593566, 1251409, 25028.18, 1
740, 114.0603467, 22.52706101, 1726758, 34884, 1
207, 114.0927183, 22.56881571, 1750383, 35007.66, 1
594, 113.9382846, 22.54399802, 2506776, 45271.856721086006, 0
1350, 113.9477232, 22.53044909, 2636037, 52720.74, 1
808, 114.0369263, 22.60625676, 1512000, 30240, 1
10, 113.9420238, 22.52313946, 3564000, 71280, 1
212, 114.0283921, 22.6298931, 1525500, 30510, 1
718, 113.9455659, 22.52814162, 3520800, 70416, 1
609, 114.218795, 22.55614242, 1099770, 22217.58, 1
661, 113.9114706, 22.49992937, 2857972, 58320, 1
913, 114.0417678, 22.57489347, 2203200, 44064, 1
1031, 114.2429635, 22.74200624, 1097550, 21951, 1
907, 114.0363037, 22.71443239, 1287900, 25758, 1
487, 113.8474183, 22.76878118, 928800, 18576, 1
602, 114.0370273, 22.51970821, 1971000, 39420, 1
1200, 113.9603234, 22.53010472, 2953665, 59670, 1
1137, 114.148322, 22.54468424, 1512000, 30240, 1
84, 114.0661529, 22.61863264, 1545750, 34132.658030927996, 1
311, 113.9402698, 22.58446982, 2745684, 54913.68, 1
188, 113.8035446, 22.67359443, 1412100, 28242, 1
900, 113.8965703, 22.56705401, 1324017, 27018, 1
975, 114.0986663, 22.57202525, 1036456, 21150, 1
947, 114.070736, 22.62335832, 1428300, 28566, 1
541, 113.8150982, 22.68088519, 860706, 19197.7570060416, 0
1487, 114.098734, 22.55382664, 2160000, 43200, 1
1308, 113.8594394, 22.61901935, 1309770, 26460, 1
846, 114.1351283, 22.55780185, 1516050, 30321, 1
866, 114.0753335, 22.53109919, 1891802, 38218.22, 1
208, 114.1211318, 22.57900281, 1318806, 26376.12, 1
1422, 114.1119225, 22.54455996, 1108930, 22402.62, 1
475, 113.9244198, 22.77065499, 1367698, 27909.36, 1
562, 114.128937, 22.57881531, 1605150, 32103, 1
1163, 114.0468184, 22.53617496, 2488563, 50274, 1
604, 113.927215, 22.50483595, 2575350, 51507, 1
1285, 114.0806025, 22.53393115, 1688668, 34114.5, 1
270, 114.2494805, 22.73784483, 813127, 16426.8, 1
922, 114.0174534, 22.53769325, 1304739, 26094.78, 1
965, 114.1354799, 22.57894241, 1403325, 28350, 1
796, 114.0145377, 22.55724398, 2699730, 54540, 1
860, 114.1199951, 22.58974927, 1127858, 22785.02, 1
1185, 114.0299304, 22.55647756, 3051000, 61020, 1
389, 113.8270988, 22.77309735, 1250363, 25515, 1
1433, 114.1563305, 22.5618983, 1507572, 30456, 1
147, 114.0822683, 22.55456271, 2673000, 59620.3633728, 1
1479, 113.9081022, 22.57355042, 2875500, 57510, 1
423, 114.2657518, 22.75309329, 1021842, 20436.84, 1
647, 114.2025724, 22.7228733, 863932, 17278.64, 1
1281, 113.8143349, 22.69694457, 1287900, 25758, 1
1335, 114.2183471, 22.68698225, 1406700, 28134, 1
549, 114.0126279, 22.63442864, 1863000, 37260, 1
497, 114.111386, 22.53035179, 1115761, 22315.22, 1
845, 114.1392355, 22.57976, 1417883, 28357.66, 1
481, 114.069169, 22.61745259, 1574100, 31482, 1
241, 113.9075557, 22.52137828, 2301834, 46501.7, 1
1386, 113.9185713, 22.50072078, 2596050, 51921, 1
1415, 114.2940064, 22.72836775, 990900, 19818, 1
1408, 113.9605944, 22.52511671, 2924128, 59670, 1
312, 113.9321822, 22.52669891, 2064771, 41295.42, 1
148, 113.8257284, 22.65217284, 1120121, 22628.7, 1
800, 114.2713839, 22.59147039, 999000, 19980, 1
789, 113.9237689, 22.50413218, 2084400, 41688, 1
0, 114.08516575967163, 22.548782461573214, 1949126, 35201.22518149439, 0
1077, 113.9105138, 22.58366547, 1737450, 35100, 1
620, 113.9317283, 22.49017464, 2143854, 42877.08, 1
244, 113.9574537, 22.57223028, 1942380, 39240, 1
337, 114.1354574, 22.69815314, 938223, 18954, 1
81, 114.0407151, 22.71409815, 899100, 17982, 1
431, 114.2116775, 22.71566268, 1045143, 23311.562078764804, 0
1022, 113.9031903, 22.57336645, 2653728, 53610.66, 1
300, 113.883369, 22.59400215, 1652400, 33048, 1
86, 113.9845005, 22.54563949, 2543805, 51390, 1
1342, 113.8688348, 22.55791811, 1674000, 33480, 1
1005, 114.2988156, 22.77291042, 692621, 15448.67398584749, 0
334, 113.9940942, 22.66668585, 1389292, 28350, 1
18, 114.1368988, 22.67066874, 977400, 19548, 1
230, 113.8930961, 22.58007421, 1418080, 31629.795176537857, 1
106, 114.257763, 22.69628148, 1620000, 32400, 1
126, 114.3084143, 22.69174742, 823444, 16635.24, 1
905, 114.1142512, 22.55208526, 1750810, 35016.2, 1
1299, 114.1051182, 22.56608791, 1132650, 22653, 1
585, 113.9657245, 22.55509926, 3015852, 60926.3, 1
1501, 113.8900357, 22.56533147, 1382400, 27648, 1
134, 113.9232246, 22.49075521, 1751549, 35742.24, 1
985, 114.03878, 22.60185337, 2317950, 46359, 1
1473, 113.9027451, 22.55591932, 1879119, 41913.115451078396, 1
500, 114.0387322, 22.56494399, 1427382, 31837.27404107521, 1
94, 114.0908567, 22.56083649, 2224800, 44496, 1
983, 114.1762171, 22.64703616, 994356, 20088, 1
261, 113.9254412, 22.49806383, 2062350, 41247, 1
1101, 113.9078936, 22.51408319, 1998000, 44119.068895872, 1
286, 114.2138858, 22.7535822, 796500, 15930, 1
1460, 114.1376447, 22.57401299, 1855971, 37494.36, 1
96, 113.9131014, 22.50435826, 2405453, 53116.28960599699, 1
556, 114.0480173, 22.51930582, 2318530, 47790, 1
271, 114.0306166, 22.56827822, 2141775, 42835.5, 1
635, 114.2487939, 22.59399093, 1368288, 27365.76, 1
1424, 113.8877196, 22.49878479, 1662768, 33255.36, 1
203, 114.2631808, 22.70374803, 684288, 13824, 1
645, 114.2209095, 22.72832054, 976500, 21562.698086495995, 0
618, 114.2356595, 22.56404745, 1075883, 21735, 1
218, 114.1281667, 22.69269459, 702999, 15680.155567046402, 1
1127, 113.8947251, 22.57459705, 1305801, 26116.02, 1
257, 113.8936399, 22.76805679, 983124, 21708.966711303936, 0
1157, 114.0294657, 22.63053454, 1436738, 29025, 1
1156, 114.2260265, 22.73332349, 1409400, 28188, 1
344, 114.03412, 22.55356374, 2034153, 41094, 1
774, 114.2246353, 22.55317367, 1133519, 23802.718037858638, 1
1287, 114.1171319, 22.567793, 1344600, 26892, 1
895, 114.0766158, 22.57425922, 2592000, 51840, 1
1454, 113.9403372, 22.5896344, 1908900, 38178, 1
1395, 114.051767, 22.56786803, 1441321, 28782.6077126304, 1
590, 114.2078712, 22.6531411, 1107000, 22140, 1
199, 114.0899097, 22.55059307, 1535544, 30710.88, 1
448, 114.0390147, 22.52935351, 1611990, 37429.774533524156, 0
616, 113.8511874, 22.57309821, 2096550, 41931, 1
523, 113.8772696, 22.56713794, 2386800, 47736, 1
289, 114.3062945, 22.60154936, 756459, 15282, 1
919, 113.9213038, 22.5238211, 2272050, 50677.308866880005, 1
6, 114.3355732, 22.71003255, 1069200, 21600, 1
566, 113.8933719, 22.5757923, 1567188, 31343.76, 1
75, 114.2023, 22.65179365, 747900, 16514.8406542656, 0
909, 114.4162602, 22.63603056, 926829, 18536.58, 1
272, 114.0301127, 22.52337261, 2017143, 40342.86, 1
1008, 114.0039703, 22.63806732, 1518264, 30672, 1
914, 114.0652493, 22.53848359, 1803600, 36072, 1
1354, 114.0570772, 22.63420971, 978318, 21821.052994444803, 0
1332, 114.0623598, 22.62679902, 1854900, 37098, 1
741, 114.1727868, 22.6443289, 955800, 19116, 1
1100, 114.1245297, 22.57408031, 1652715, 33054.3, 1
707, 113.9367698, 22.75570779, 1401300, 30942.968590483204, 1
600, 113.9448743, 22.54952583, 2724803, 55046.52, 1
631, 113.9211362, 22.49684441, 1827360, 36547.2, 1
918, 114.1158478, 22.61100671, 943650, 18873, 1
1125, 113.8824722, 22.58724827, 2037628, 45907.67979705601, 1
350, 114.1325554, 22.54460362, 1508895, 30177.9, 1
535, 114.0519623, 22.62454193, 1323000, 26460, 1
821, 113.8684735, 22.58431758, 1130679, 22842, 1
30, 113.9479352, 22.56200681, 1818103, 36729.36, 1
266, 113.8988418, 22.56670695, 1309717, 29212.785645404547, 1
74, 114.0661372, 22.53257542, 1644354, 32887.08, 1
1361, 113.9216623, 22.54510949, 2791800, 55836, 1
700, 114.1277981, 22.58868764, 1288012, 26020.44, 1
995, 114.0360085, 22.57224267, 1983366, 40068, 1
25, 113.8875092, 22.5816675, 1701000, 34020, 1
611, 114.1239275, 22.54715471, 1425555, 31478.558188115523, 1
1051, 113.9164802, 22.51914492, 1588326, 32411.52, 1
467, 114.1042123, 22.53916777, 1891350, 37827, 1
852, 114.2466808, 22.72743507, 878897, 17577.94, 1
644, 114.3392882, 22.71090932, 1122660, 22680, 1
20, 114.300299, 22.60271959, 1031400, 20628, 1
1421, 114.1303614, 22.56337512, 1080000, 23848.14534912, 1
187, 113.892157, 22.60307552, 2053350, 41067, 1
173, 113.9120693, 22.54601377, 1368351, 30215.40142279047, 0
725, 114.0313345, 22.66527926, 1317631, 26887.68, 1
848, 114.0320278, 22.56413598, 1733400, 34668, 1
1120, 113.9248696, 22.49591843, 2265869, 45775.14, 1
332, 113.9680421, 22.58692978, 2232900, 44658, 1
516, 114.0229049, 22.7261621, 1282500, 25650, 1
938, 114.0656992, 22.6152615, 1236600, 24732, 1
711, 113.9206165, 22.51932572, 1844390, 37260.4, 1
763, 113.8614431, 22.58873239, 931810, 21636.22986798912, 0
202, 113.8507985, 22.7636276, 1224234, 24732, 1
1420, 114.1083256, 22.55539337, 1161000, 23220, 1
1133, 113.8130641, 22.77413682, 999000, 19980, 1
1049, 113.8482746, 22.57086139, 1895400, 37908, 1
945, 114.1258379, 22.55414779, 1884465, 38070, 1
754, 114.0378911, 22.55018212, 2195100, 43902, 1
1043, 114.2615814, 22.68973429, 943569, 19062, 1
89, 113.8295056, 22.71524041, 926451, 18529.02, 1
72, 113.9147203, 22.53618533, 1888731, 38156.18, 1
274, 114.0574293, 22.51811619, 1889100, 37782, 1
1034, 113.9097873, 22.57514024, 1647000, 32940, 1
1372, 114.063904, 22.52564087, 1504899, 30402, 1
329, 114.0665254, 22.54984625, 2108700, 42174, 1
697, 113.9261702, 22.51602169, 2487600, 49752, 1
323, 114.0976528, 22.53908736, 1485000, 29700, 1
79, 113.8282306, 22.78595423, 1266173, 25837.64, 1
1356, 114.11744, 22.56020933, 1557963, 31159.26, 1
714, 113.9383125, 22.57746684, 1947753, 38955.06, 1
1055, 113.8985783, 22.55517608, 2107126, 42568.2, 1
1334, 114.2548124, 22.58942621, 1024758, 22628.312714512515, 0
1059, 114.0123941, 22.55631542, 3268322, 59025.22065393361, 2
1297, 113.9235178, 22.5518927, 1826581, 36900.62, 1
521, 114.0858786, 22.55626271, 2766344, 52566.6791772, 2
490, 113.9011316, 22.78291302, 1242945, 25110, 1
776, 114.0985441, 22.56529973, 1834200, 36684, 1
1377, 114.2273386, 22.69887747, 1409400, 28188, 1
834, 114.2326329, 22.56220142, 1214681, 24786.86, 1
966, 114.1616938, 22.56889199, 1066527, 21546, 1
1404, 113.9064103, 22.53116699, 2289659, 46722.96, 1
1499, 113.9292544, 22.50163957, 2146500, 42930, 1
835, 114.1357676, 22.61672765, 1109700, 22194, 1
291, 114.0294284, 22.74531504, 1293300, 25866, 1
375, 114.2178435, 22.7323655, 1682100, 33642, 1
1097, 114.0385725, 22.54295442, 2298780, 46440, 1
960, 114.0345766, 22.5654001, 2168364, 43805.34, 1
1294, 114.0417775, 22.61856082, 1528956, 30888, 1
114, 114.0532281, 22.63081847, 1290991, 25819.82, 1
672, 114.006985, 22.55115679, 3154950, 63099, 1
868, 113.8929912, 22.58353792, 1644278, 36308.315498481796, 1
1366, 114.025815, 22.64293203, 1305761, 26379, 1
35, 114.1782169, 22.65210551, 1064772, 21295.44, 1
24, 114.1153759, 22.58237572, 1210869, 24462, 1
1320, 114.1378032, 22.67252639, 967626, 19548, 1
656, 114.2335964, 22.55546638, 2359280, 42608.11529740615, 0
398, 114.2618871, 22.72814276, 1047600, 23132.700988646404, 1
956, 114.1215024, 22.62649237, 1059717, 22252.960766423515, 1
216, 114.0679432, 22.6297239, 1547100, 30942, 1
881, 113.9512853, 22.55026759, 2519775, 50395.5, 1
1301, 113.8786763, 22.56727357, 1949400, 38988, 1
1247, 113.8987779, 22.5518305, 1733886, 35028, 1
1230, 114.1117052, 22.6032368, 770850, 15417, 1
1341, 113.9734476, 22.56619975, 2019600, 40392, 1
67, 114.296628, 22.77622703, 739800, 14796, 1
170, 114.2307736, 22.72322821, 1360183, 27756, 1
1091, 114.1191832, 22.6179681, 1471460, 29726.46, 1
897, 113.9109561, 22.51688356, 2070933, 41837.04, 1
263, 114.1180708, 22.5549898, 1797072, 35941.44, 1
728, 114.1080421, 22.5538029, 1407058, 28425.42, 1
181, 113.9248777, 22.5101007, 1880874, 37617.48, 1
1094, 114.2658949, 22.72232383, 954900, 19098, 1
1119, 114.1346242, 22.56420859, 1205376, 24597, 1
1468, 114.1245947, 22.56014845, 1422036, 28728, 1
445, 114.1655823, 22.63742314, 588060, 11880, 1
1456, 114.0134819, 22.6269261, 2354592, 47567.52, 1
530, 114.0459686, 22.60518174, 1151127, 23490, 1
38, 114.0209658, 22.64238649, 1235817, 24966, 1
284, 114.3685244, 22.73435966, 744026, 15336, 1
1219, 114.0499952, 22.60340822, 1300050, 26001, 1
33, 114.0562809, 22.56726053, 1606473, 35831.838387052805, 1
296, 113.9750147, 22.53820363, 2116231, 43183.98, 1
816, 114.0592883, 22.57054481, 1652440, 36857.109902520395, 1
684, 113.843812, 22.78331101, 1044900, 20898, 1
447, 113.8865032, 22.57412312, 1455769, 29409.48, 1
958, 113.96299, 22.55379971, 2598750, 51975, 1
388, 114.1572376, 22.564784, 1607275, 32470.2, 1
1450, 114.1337266, 22.61583575, 1183248, 23904, 1
812, 114.1220831, 22.59238119, 1337850, 26757, 1
1275, 114.1434636, 22.54488498, 1182600, 23652, 1
0, 113.95045474561937, 22.548782461573214, 2968970, 53619.35256470799, 0
362, 113.8722775, 22.78509022, 1304100, 26082, 1
491, 114.2847063, 22.61727035, 1470150, 29700, 1
1037, 114.2316134, 22.71839642, 947700, 20926.7475438528, 0
973, 114.1056468, 22.59296702, 919512, 18576, 1
817, 114.2158332, 22.72542769, 1160495, 23681.16, 1
729, 114.0966175, 22.55546143, 2286514, 41293.94309383589, 0
472, 114.0870308, 22.53805308, 1533634, 30982.5, 1
573, 113.8979427, 22.56079451, 1697643, 32239.436299818764, 1
1449, 114.0233353, 22.66876881, 1275502, 26028, 1
225, 114.0755021, 22.54166278, 1496438, 30231.08, 1
610, 114.0388693, 22.64516673, 1204200, 24084, 1
144, 113.9192187, 22.51529625, 1735742, 34714.84, 1
832, 114.1302009, 22.54673799, 1447590, 32288.003988173572, 1
1223, 114.245619, 22.59661344, 1174944, 23976, 1
1177, 114.1045952, 22.54499207, 1185615, 23712.3, 1
1112, 114.3354208, 22.70099604, 946308, 19117.34, 1
625, 113.8566761, 22.60489379, 558871, 12465.425573985023, 0
233, 114.3971072, 22.61991195, 540000, 11924.07267456, 0
234, 113.8828341, 22.76829712, 825943, 18422.383139570302, 0
515, 114.1099815, 22.53958395, 1511562, 30536.6, 1
546, 113.9118059, 22.53206835, 1808730, 36540, 1
786, 113.9485403, 22.54665421, 3888228, 70220.57049634555, 2
342, 114.0284261, 22.61262518, 1534623, 31002.48, 1
1121, 113.8467509, 22.76617068, 1026432, 20736, 1
752, 114.1312415, 22.58391307, 1726758, 34884, 1
32, 114.0030935, 22.55296292, 3537000, 70740, 1
580, 113.8090237, 22.67096156, 1007100, 20142, 1
1436, 114.1085199, 22.56635246, 1229580, 24840, 1
998, 114.0250383, 22.65376344, 1885032, 37700.64, 1
756, 113.8771498, 22.58317542, 1290690, 25813.8, 1
557, 114.2190045, 22.55934086, 1224359, 24734.52, 1
304, 113.9599954, 22.53801419, 1924560, 38880, 1
630, 114.0787702, 22.53211585, 1739448, 34788.96, 1
191, 113.9410532, 22.59262983, 1625400, 32508, 1
813, 114.2333796, 22.74669721, 1010394, 20412, 1
253, 114.021714, 22.53828784, 1954800, 39096, 1
1268, 114.2300401, 22.56002957, 1177610, 26003.53189312704, 1
197, 114.0278292, 22.66347045, 1170181, 24120, 1
1489, 114.0357241, 22.55844362, 2034234, 40684.68, 1
1239, 113.9178804, 22.50930654, 1932579, 39042, 1
8, 114.2360187, 22.58560019, 1215000, 24300, 1
710, 114.0548687, 22.57485599, 1398127, 27962.54, 1
629, 113.9195337, 22.53600685, 2070423, 41408.46, 1
1296, 114.1019817, 22.55545414, 1497433, 29948.66, 1
150, 114.0755723, 22.65681014, 1048950, 20979, 1
1394, 113.9670167, 22.5555286, 2130715, 43044.74, 1
485, 114.1133325, 22.60835034, 1039500, 20790, 1
1330, 113.9546771, 22.57226922, 1790910, 36180, 1
772, 114.2304546, 22.72647858, 1167005, 23814, 1
214, 113.8845256, 22.55733132, 2311200, 46224, 1
183, 114.011517, 22.53943617, 2439290, 44053.055518409994, 0
732, 114.0370696, 22.52502988, 1880456, 37989, 1
1300, 113.9168393, 22.50547271, 2277450, 45549, 1
916, 114.0398734, 22.6096886, 1350000, 27000, 1
884, 114.0382715, 22.5323228, 1621944, 32438.88, 1
354, 114.0504754, 22.52944558, 2346894, 47412, 1
561, 114.1231488, 22.55384302, 2064261, 41702.24, 1
137, 114.1314078, 22.61571589, 1108800, 22176, 1
1490, 114.2492833, 22.72174575, 972000, 19440, 1
933, 113.9307944, 22.49371005, 2472525, 49950, 1
1310, 113.8072593, 22.73892823, 1351228, 27297.54, 1
400, 114.4024605, 22.6380323, 978318, 19764, 1
140, 114.1052288, 22.69936491, 810000, 16200, 1
804, 113.8877406, 22.567384, 1126670, 22761, 1
281, 114.0382302, 22.57611433, 1607814, 32156.28, 1
1143, 113.9360299, 22.74693106, 1401300, 28026, 1
1462, 114.2965968, 22.77149148, 567000, 11340, 1
1064, 114.1198132, 22.5804568, 1359981, 27199.62, 1
130, 114.2403567, 22.74206046, 1002375, 20250, 1
1279, 113.8617546, 22.57976222, 1652400, 33048, 1
649, 114.0213417, 22.63478661, 1543658, 31185, 1
1451, 114.1357206, 22.62069114, 1090584, 22032, 1
773, 114.0655351, 22.56773596, 1531629, 30942, 1
1383, 113.8729908, 22.56690739, 2254500, 45090, 1
1284, 114.2515448, 22.72856246, 814050, 16281, 1
1453, 113.9094662, 22.56709149, 1763100, 38932.0972824384, 1
665, 114.0352336, 22.63158047, 1466100, 29322, 1
474, 114.2446094, 22.74871239, 832653, 16653.06, 1
1054, 114.1142869, 22.59094825, 1171800, 23436, 1
504, 114.2421034, 22.72895213, 931541, 18819, 1
164, 113.8347229, 22.78113656, 1261656, 25488, 1
108, 114.062123, 22.5503731, 1330816, 26616.32, 1
815, 113.8821573, 22.57955862, 1047923, 21384, 1
1001, 114.0596743, 22.62833521, 1433700, 28674, 1
1371, 113.9519058, 22.54701975, 3363653, 60746.844978018, 0
145, 114.1022167, 22.54203109, 1401300, 28026, 1
1063, 114.0322396, 22.55069507, 3537000, 70740, 1
1066, 113.9225972, 22.50748663, 1815858, 36684, 1
269, 114.2202649, 22.67212728, 952200, 19044, 1
110, 114.3900155, 22.74441126, 534600, 10800, 1
1048, 114.0367893, 22.61215185, 1622164, 33102, 1
227, 114.1518706, 22.62661899, 911493, 18414, 1
1146, 113.9083037, 22.57794579, 1557717, 31469.04, 1
1410, 114.0397387, 22.53194191, 1910250, 42181.407086256004, 1
1062, 114.2294995, 22.75382809, 969858, 19791, 1
275, 113.9740354, 22.55746462, 1971427, 39826.8, 1
1204, 114.1154065, 22.58507509, 1212718, 24254.36, 1
435, 114.1506243, 22.55492628, 1269675, 25650, 1
1248, 114.049334, 22.62386555, 1574100, 31482, 1
633, 113.922905, 22.52892951, 2019184, 40791.6, 1
1363, 113.8970428, 22.57715634, 1354077, 27081.54, 1
167, 113.9348085, 22.54579039, 2249100, 44982, 1
493, 114.0570783, 22.61243426, 1335600, 26712, 1
1353, 114.0415587, 22.55246041, 1746261, 34925.22, 1
865, 114.1306867, 22.60230633, 1291539, 27121.001872766403, 0
1030, 114.1704436, 22.64268317, 321760, 6565.86, 1
102, 113.8697869, 22.56524438, 2139750, 42795, 1
66, 114.2542881, 22.59192917, 1084860, 21697.2, 1
628, 114.1078769, 22.53687969, 1339399, 30176.60402336602, 1
1217, 113.8155475, 22.72749727, 1296672, 26460, 1
1434, 114.2335782, 22.55134637, 1403325, 28350, 1
0, 114.08516575967163, 22.544436945091512, 1698400, 30673.120663978298, 0
1196, 114.3265685, 22.67727231, 1034451, 20898, 1
219, 114.2771994, 22.76753352, 1094472, 24167.710496798212, 0
520, 113.9313764, 22.49820515, 2856101, 57699, 1
1333, 114.0331052, 22.56855579, 2082267, 42066, 1
955, 113.9182477, 22.54568435, 1496880, 30240, 1
1276, 114.1327359, 22.57133974, 1393604, 27829.7393159682, 0
1444, 114.1367994, 22.5629164, 1341000, 26820, 1
1123, 114.1012191, 22.56509162, 1756108, 35476.92, 1
696, 113.9194543, 22.52883008, 1853354, 40925.05145867866, 1
543, 114.100237, 22.56271802, 700746, 14443.92, 1
378, 113.9137794, 22.55581774, 2525985, 51030, 1
1238, 114.0541074, 22.62697383, 1421047, 28998, 1
639, 114.0957448, 22.54442098, 2411100, 53240.98449191041, 1
374, 114.248107, 22.5904246, 1122116, 22669.02, 1
766, 114.0262448, 22.63187249, 1498500, 29970, 1
533, 113.8245459, 22.74361825, 820422, 16408.44, 1
205, 114.2288876, 22.70270774, 834124, 16682.48, 1
1096, 113.9196572, 22.51147003, 1539000, 30780, 1
1288, 114.0798653, 22.55926977, 2553089, 51577.56, 1
267, 113.8178167, 22.73212112, 1053162, 21276, 1
377, 113.8866185, 22.54924298, 2694384, 54432, 1
820, 114.364301, 22.74693896, 515295, 11378.54634969888, 1
738, 114.047965, 22.51203568, 2319489, 46858.36, 1
1183, 114.0591583, 22.56203771, 2031300, 40626, 1
671, 114.2215604, 22.73269285, 902325, 18228.78, 1
1103, 114.0615065, 22.56363477, 1888555, 38538, 1
1020, 114.1076893, 22.61655363, 919350, 18387, 1
386, 114.1077031, 22.54312701, 1277694, 25812, 1
55, 113.8361658, 22.64005263, 1438595, 29062.52, 1
484, 113.8236042, 22.71840044, 1431000, 28620, 1
1305, 113.8624756, 22.5662248, 2272050, 45900, 1
912, 114.0493693, 22.63206898, 562464, 11249.28, 1
1190, 114.1043673, 22.56109889, 1336500, 27000, 1
553, 113.9868777, 22.56314355, 2141100, 42822, 1
676, 113.890255, 22.50393848, 2576772, 52056, 1
492, 113.9441519, 22.55910688, 1603800, 32400, 1
1150, 113.9379276, 22.50942693, 6044430, 109161.15299275058, 8
745, 113.8874259, 22.49073209, 2860650, 57213, 1
198, 114.2599286, 22.7221789, 927148, 18730.26, 1
809, 113.8201561, 22.67580759, 909000, 18180, 1
372, 113.8600693, 22.61680203, 1270210, 25920, 1
56, 113.8419877, 22.76843068, 889908, 17977.94, 1
184, 113.8852022, 22.48394619, 2934009, 58680.18, 1
1343, 113.9179884, 22.53136052, 1736510, 38344.94711129664, 1
321, 114.0521542, 22.71887003, 1355400, 27108, 1
667, 113.935579, 22.53639634, 2540419, 51840, 1
63, 114.3298608, 22.67928296, 1034451, 20898, 1
70, 113.8829829, 22.56603833, 1455894, 29412, 1
1419, 114.065254, 22.55279516, 2322000, 46440, 1
370, 114.1194332, 22.69858259, 820800, 16416, 1
1142, 114.2507405, 22.71255687, 990900, 19818, 1
418, 114.1029863, 22.59680773, 882090, 19674.719913024004, 1
379, 113.8138057, 22.65911917, 2302263, 50837.68764435284, 1
1216, 114.0208325, 22.54356797, 3385800, 67716, 1
349, 114.0431475, 22.5291419, 1784274, 35685.48, 1
829, 113.9245373, 22.49098293, 1688357, 37281.651052966845, 1
730, 114.1494133, 22.61039668, 1112274, 22245.48, 1
1060, 114.0427627, 22.53393209, 1714730, 38246.46310365121, 1
1435, 114.0403402, 22.55778015, 2169900, 43398, 1
1109, 113.9577915, 22.5942434, 1975347, 39906, 1
739, 113.9022636, 22.56490518, 1831248, 36624.96, 1
1014, 113.9108471, 22.54381618, 1500408, 30311.28, 1
607, 113.9013736, 22.55437896, 1603800, 32400, 1
547, 114.304544, 22.77640915, 807727, 16317.72, 1
383, 114.1139303, 22.5495494, 1226880, 24537.6, 1
666, 114.0648044, 22.52783797, 1681317, 33966, 1
1304, 114.0107756, 22.63888777, 1755000, 35100, 1
1236, 113.8803084, 22.58326725, 1292098, 25841.96, 1
494, 113.9202953, 22.48964389, 1927143, 38542.86, 1
689, 114.0884103, 22.55690504, 3314250, 66285, 1
673, 114.116775, 22.57874888, 1336500, 26730, 1
810, 114.1248286, 22.57658164, 1228633, 23332.582535941798, 1
1319, 113.8894045, 22.5545948, 2588214, 46742.61048690239, 0
1491, 113.8909653, 22.50088445, 2438100, 48762, 1
1266, 114.1720306, 22.64868879, 1074386, 21924, 1
1025, 114.0143073, 22.64591725, 1088463, 22211.28, 1
658, 114.2933476, 22.77126038, 681750, 13635, 1
1290, 114.0580154, 22.62604388, 758437, 15321.96, 1
382, 113.9243591, 22.73817724, 1273567, 26743.572423244797, 0
1380, 114.0380274, 22.56928036, 1566592, 31968, 1
719, 114.2200589, 22.67903175, 1208196, 24408, 1
1357, 114.0051472, 22.55061219, 2580444, 51608.88, 1
195, 113.9062106, 22.53650882, 1961982, 39636, 1
