FID,Capacity,Age,Location,lng,lat
0,9,5,432,116.5638187,40.03225321
1,6,10,93,116.3897744,39.85172035
2,6,10,337,116.2272047,40.15087596
3,10,15,449,116.6366801,39.97582399
4,8,15,125,116.0692247,39.79803393
5,8,10,250,116.8963573,40.2219597
6,8,10,492,116.6207907,39.79821957
7,9,10,267,116.4222322,40.05662661
8,8,10,252,116.2514528,40.43513753
9,10,10,140,116.2021955,39.99555154
10,8,10,319,116.3774926,39.60205264
11,13,10,415,116.8764668,39.76777767
12,11,5,241,116.5781492,40.17271848
13,8,25,323,116.4552727,39.84631694
14,6,15,385,115.9856109,39.70480948
15,5,25,488,116.2762764,39.85378809
16,8,25,194,116.5129368,39.9109921
17,8,25,17,116.7783902,40.56142887
18,8,20,361,116.4261391,39.85444377
19,6,15,192,116.0290019,40.38551397
20,12,15,206,116.5097223,39.78010556
21,6,15,272,116.44632,39.979898
22,8,10,354,116.2079552,39.71220827
23,9,15,289,116.3283207,39.97832488
24,6,15,238,117.2312218,40.19732666
25,8,10,292,116.7415162,39.89697037
26,10,15,66,116.3421474,39.71493931
27,12,10,139,116.7207009,40.13365677
28,8,15,378,116.6023993,39.69178128
29,9,15,260,117.0104094,40.42988482
30,9,15,398,116.7813611,39.68585127
31,8,15,52,115.9560875,39.9778622
32,8,5,67,116.4608995,39.96042635
33,8,15,286,116.1173769,39.89311648
34,6,5,37,116.2364112,39.83713159
35,8,5,161,115.8928112,39.62440912
36,8,5,409,116.2790564,40.08607663
37,8,15,333,116.7265389,40.26801473
38,11,5,240,116.2494691,39.80847895
39,5,10,182,116.5895896,39.91528492
40,9,15,322,116.2705442,40.13450464
41,8,10,358,116.2862169,39.94601712
42,10,15,469,116.1058112,40.19776271
43,8,15,248,116.4263912,39.61913109
44,8,10,74,116.2075123,39.8586076
45,9,15,239,116.8271665,39.96087632
46,6,15,221,116.0930923,40.59535013
47,8,5,32,116.4179333,40.14217581
48,6,15,363,116.479934,40.29979339
49,12,5,254,116.4316405,39.7043808
50,10,15,453,116.945045,40.03295958
51,8,15,330,116.0862134,39.69668214
52,9,15,389,116.6159883,40.07747748
53,3,15,306,115.8145298,40.54204357
54,16,15,348,116.7435245,39.82063712
55,11,15,307,116.384345,39.92259956
56,8,10,173,116.5406068,39.70811661
57,8,15,331,116.8363078,40.32748485
58,9,5,103,115.494961,39.71813316
59,5,15,23,116.4571252,39.87642471
60,10,10,437,116.6546841,39.64329914
61,9,10,400,116.4349921,40.15258052
62,11,10,464,116.3560704,39.79730682
63,11,15,58,116.5119236,40.26549332
64,10,10,117,115.8618594,40.05663629
65,8,15,476,116.3067338,40.21592702
66,8,10,324,116.3255539,39.9146926
67,8,15,1,116.7533082,40.05393435
68,9,10,150,116.6297678,39.90120709
69,12,10,35,117.2783989,40.65576164
70,8,5,270,116.245544,39.94614736
71,11,15,73,116.3544917,40.12126837
72,13,5,235,116.315124,40.06337667
73,8,10,446,116.5548685,40.05679751
74,12,10,50,116.2748861,39.78348387
75,6,10,329,116.2575137,40.27112684
76,8,10,90,115.9897605,39.84471601
77,10,15,54,116.731926,39.7865475
78,12,10,281,116.5452953,39.9472244
79,8,15,443,116.0109595,40.07419957
80,9,10,152,116.4351563,39.8143152
81,6,15,205,116.5271724,39.55612264
82,8,5,32,116.4342469,40.13179796
83,8,15,126,115.7128085,39.58969292
84,9,15,38,116.3870332,40.00935501
85,8,15,217,116.4675231,39.91698105
86,8,15,219,116.2694639,39.69405215
87,11,15,346,116.2746829,39.64520688
88,8,10,365,115.9950255,40.59007317
89,8,5,403,116.4731015,39.48808161
90,6,15,53,116.1463486,39.7680503
91,14,10,5,116.7484727,40.39055696
92,8,10,142,116.8045391,40.2372498
93,8,15,231,116.8662062,40.11898717
94,15,10,259,116.6790496,40.16231602
95,8,5,146,116.2911684,39.53550334
96,11,5,163,116.4995963,39.68029151
97,9,5,337,116.2031812,40.16507277
98,12,10,341,116.1558516,40.27441909
99,8,5,13,116.0212225,39.99548888
100,8,10,298,117.0032937,40.12783315
101,8,10,104,116.2053206,40.08806771
102,9,5,191,116.9448728,40.28680968
103,9,5,284,116.4485478,40.46909314
104,9,10,393,116.7043062,40.07933273
105,11,5,209,116.4346954,40.19785164
106,8,10,158,116.0996131,39.95735223
107,8,10,78,116.0362362,39.95447133
108,6,15,321,116.2607207,40.03827549
109,12,5,467,116.5511525,39.86565373
110,6,15,148,116.1678539,40.15346034
111,15,15,285,116.1797512,39.92922149
112,8,10,220,116.6824071,39.88182232
113,8,10,105,116.8852606,40.54628436
114,10,15,230,116.5610888,40.00337771
115,8,10,8,116.8453186,39.70223229
116,12,15,343,116.0822934,39.61474364
117,8,5,185,116.48525,40.00559267
118,6,15,295,116.1508009,40.04772848
119,5,5,247,116.6873316,39.75285176
120,5,15,288,115.8424138,40.32870209
121,9,15,57,116.0259991,40.29595292
122,8,5,99,116.62297,40.11867408
123,10,15,77,117.1017685,40.45441247
124,6,15,190,116.5243983,40.09520196
125,9,15,210,116.4896147,40.19735054
126,8,5,310,116.4046475,39.78724763
127,8,5,219,116.2723985,39.70216416
128,6,5,380,116.2958377,40.00114897
129,12,5,65,116.3780874,39.66650372
130,6,10,95,115.8559752,40.14582411
131,9,5,214,116.5579192,39.75392837
132,6,15,273,116.7316921,39.62360448
133,6,15,180,115.672151,39.49628111
134,10,10,304,115.9656931,40.45727247
135,9,15,478,116.3324426,39.75698683
136,6,20,382,116.6472658,39.95390658
137,8,20,266,116.3305371,39.8239373
138,8,15,282,116.2074452,40.20893999
139,5,15,231,116.8854564,40.14656358
140,8,5,480,116.2657176,39.93039353
141,12,15,96,116.3938914,39.72782813
142,8,5,227,116.1548761,40.40621531
143,9,5,265,116.5438424,40.44863374
144,10,10,145,116.2197771,39.9032003
145,12,5,202,116.5804154,40.25230868
146,8,5,383,116.1694817,40.01648854
147,11,15,208,117.0882693,40.11723894
148,8,5,286,116.0781083,39.8812257
149,9,15,463,116.753748,40.32437237
150,10,10,185,116.5040151,40.00395935
151,8,15,128,116.5347272,39.92824128
152,6,5,199,116.431529,39.91712397
153,5,15,309,116.3537207,40.01834348
154,10,20,409,116.2603881,40.10430305
155,8,5,399,116.557055,39.58737396
156,11,15,279,116.9316844,39.71435471
157,8,10,68,116.1183779,40.08467906
158,6,5,420,116.7719038,40.13793388
159,8,5,439,116.4592707,39.98708659
160,10,5,138,116.1460301,39.84603097
161,12,5,287,116.3636669,40.17137577
162,8,5,137,115.7279783,39.88193521
163,5,5,460,116.4487355,39.76974195
164,5,5,271,116.3862533,39.42097329
165,8,5,267,116.4290379,40.08590698
166,8,5,258,116.4986946,39.85914413
167,9,5,264,116.3379809,40.08570222
168,13,5,6,116.075776,40.46573096
169,10,5,377,116.147712,39.69907547
170,8,15,77,117.1308832,40.60457852
171,8,10,144,116.6277236,40.76732279
172,6,10,246,116.8193062,39.86620765
173,5,5,54,116.6882612,39.79722304
174,12,5,230,116.5590516,39.98321411
175,11,5,356,116.3464889,39.84524248
176,9,5,73,116.3270667,40.13430818
177,8,5,448,115.9210998,39.77447226
178,16,10,158,116.1224403,39.95649874
179,9,5,390,116.4726595,39.62820832
180,8,5,184,116.7722053,39.79502515
181,6,10,45,115.597256,39.84955167
182,10,5,433,116.431917,39.94096402
183,8,10,208,117.1418971,40.07280342
184,10,5,129,116.4286758,40.26288471
185,10,15,437,116.6753385,39.62735063
186,9,10,328,115.9769397,39.5753088
187,10,10,22,115.8185568,39.72316731
188,9,15,249,116.0354977,39.62237077
189,9,10,19,116.9719921,40.3689913
190,5,5,379,116.1848503,39.80758015
191,9,10,459,116.6881176,40.34769962
192,8,15,496,116.354091,39.75174174
193,10,15,164,116.2207254,40.04334442
194,10,10,436,116.3002641,39.98499438
195,8,5,48,116.6723389,40.09128133
196,9,15,430,116.7203298,39.93533879
197,14,5,159,116.6426633,40.00899382
198,8,15,125,116.1027658,39.77634389
199,6,5,475,116.5567898,39.63570615
200,6,5,343,116.0975505,39.57352236
201,8,10,416,116.2079046,39.63165287
202,9,10,176,116.4091575,39.83752466
203,8,10,135,115.755239,40.41160251
204,6,25,310,116.4033136,39.7781395
205,8,5,357,116.305842,40.29154449
206,6,5,156,116.3469003,39.88155674
207,8,10,102,117.3058519,40.15658021
208,12,10,190,116.5311111,40.10069259
209,8,5,38,116.4008628,40.01829693
210,6,5,317,116.3197616,39.69049999
211,8,20,269,116.5144682,39.99951481
212,8,20,218,116.4324803,39.83562656
213,6,10,404,116.6627884,40.1164437
214,8,5,340,116.3870909,40.03690925
215,8,10,80,116.5637409,39.82943392
216,4,5,157,116.7054043,39.68767952
217,5,5,133,116.6590605,39.54816396
218,9,5,84,117.0937468,40.2458369
219,9,10,82,115.8895655,40.48731092
220,8,15,326,116.7851377,40.06426444
221,18,10,369,116.3866772,40.12248939
222,9,10,294,116.4746723,39.9290939
223,10,10,240,116.2550033,39.82638467
224,10,10,245,116.3453436,39.94434321
225,8,15,401,116.3762986,39.82450946
226,8,10,227,116.1270034,40.38128125
227,10,10,87,116.3705501,39.49339669
228,9,5,367,115.9978188,40.17850385
229,10,25,385,115.9702015,39.68025097
230,9,10,406,116.0784087,39.98625815
231,9,10,434,116.2525589,39.74140274
232,9,10,492,116.6214112,39.82577016
233,6,10,13,116.0422409,40.01417611
234,9,10,210,116.4942235,40.16587544
235,10,15,334,116.3078155,39.56976833
236,13,15,79,116.316485,39.95205652
237,8,5,319,116.3841483,39.56720619
238,8,5,178,116.1697597,39.6115733
239,11,5,201,116.1941057,39.76135043
240,10,20,181,116.5597445,40.21162435
241,6,20,342,116.8399179,40.13079572
242,12,10,236,116.9840326,39.81668685
243,10,5,208,117.0926439,40.06037933
244,5,10,324,116.3293552,39.93784767
245,12,5,175,116.5558429,39.90316787
246,10,10,62,116.8722602,40.07767301
247,10,10,222,116.8059059,40.43325918
248,8,5,157,116.718419,39.67327647
249,8,10,56,116.6364747,40.3219693
250,13,15,458,116.2991397,39.82827321
251,8,15,417,116.197035,39.96400681
252,10,5,39,116.0165646,39.77069882
253,9,5,165,116.3937088,39.94626242
254,9,10,367,115.9938539,40.14262349
255,8,5,9,116.3019481,40.0352932
256,9,10,291,116.4028915,40.06960022
257,10,5,187,116.1157183,40.14447558
258,9,10,91,116.6986147,40.21645632
259,9,10,136,116.971747,40.15423499
260,9,10,211,116.0161919,39.70532635
261,8,10,275,116.2520478,39.88377206
262,8,10,28,116.7775929,40.19482118
263,8,10,268,116.1466449,40.49845411
264,8,10,75,116.8155441,40.76896304
265,10,10,25,117.1186739,40.15763835
266,10,10,484,116.8301661,39.80976931
267,11,15,71,116.4295382,39.67679064
268,6,5,117,115.813805,40.04332075
269,10,10,106,116.3080141,40.16735302
270,6,5,423,116.1653256,39.87002919
271,11,10,51,116.401308,39.87955551
272,9,10,43,116.5853944,39.74151235
273,8,10,406,116.0730367,40.01273924
274,8,5,263,116.9255222,39.79227903
275,6,10,154,116.6589997,39.77411243
276,8,10,61,116.1481346,40.00308829
277,8,10,334,116.3352834,39.57433922
278,13,10,112,116.1087603,39.73578052
279,8,5,75,116.7034175,40.86230382
280,6,15,451,116.3270797,40.00597155
281,9,10,22,115.7940153,39.79105078
282,9,15,418,116.1832101,40.10366727
283,8,10,320,115.9777893,39.92584763
284,8,15,308,116.4336096,40.0153092
285,8,10,101,116.6277993,40.63938461
287,8,15,137,115.6619695,39.95541135
288,6,10,225,116.2668233,40.2093552
289,5,5,57,116.0509105,40.26942009
290,8,10,256,116.804047,40.01033482
291,6,15,63,117.3198745,40.32271084
292,8,5,189,116.9017794,40.39941177
293,3,10,184,116.7751348,39.77982196
294,10,10,362,116.5490381,39.67720561
295,3,5,49,116.317511,40.71744536
296,3,15,100,116.4072647,40.08653151
297,11,15,122,116.2856121,40.14270073
298,8,10,191,116.9637181,40.25370222
299,8,5,368,116.4628549,39.80489025
300,8,10,220,116.6748395,39.89731518
301,5,5,300,116.6086701,40.03273067
302,8,10,480,116.2615667,39.93198132
303,8,15,304,115.9947837,40.44660362
304,8,10,468,116.3309796,39.63898454
305,5,10,446,116.5671402,40.07897476
306,8,10,234,115.712417,40.02241576
307,8,15,190,116.5090402,40.07818962
308,8,5,88,116.6423317,39.70388709
309,9,20,151,116.4792192,40.09197223
310,9,15,188,116.5004758,39.96872603
311,12,15,429,116.0270397,39.82819488
312,6,15,177,116.4623831,39.84555698
313,8,5,351,116.8952696,40.67415068
314,8,15,269,116.5286799,40.00957739
315,9,5,216,116.2654015,39.98294034
316,8,15,85,115.7824979,39.54606162
317,11,10,232,116.2800635,40.01178734
318,8,5,288,115.8951654,40.32545643
319,9,10,301,116.5793535,39.87931716
320,5,10,305,116.9436201,39.93987701
321,11,5,420,116.7790598,40.0926321
322,8,10,469,116.1392899,40.19542122
323,9,5,220,116.6527421,39.90278842
324,8,5,348,116.721432,39.83148195
325,5,10,382,116.6410524,39.93629526
326,11,10,246,116.8263432,39.90111276
327,6,15,123,116.1792903,40.27149028
328,10,15,56,116.6654734,40.3090091
329,9,10,69,116.7449096,39.94630279
330,10,5,409,116.2390684,40.08557346
331,8,10,491,116.8586109,40.18656584
332,8,10,162,116.7039027,39.92419011
333,8,5,320,115.946403,39.88943811
334,11,5,388,116.3546346,40.21864175
335,8,10,424,116.5787362,39.97002268
336,15,10,414,116.7106568,40.04374365
337,5,5,485,116.4636747,40.13586008
338,6,10,233,116.3434329,40.05690297
339,5,10,380,116.295488,39.9975865
340,8,15,68,116.0798552,40.10472325
341,8,5,14,116.6368211,39.87937167
342,5,15,215,116.2142346,40.33702489
343,8,10,21,116.6250487,40.18283025
344,4,10,242,116.4093105,39.97678035
345,8,5,290,116.0488981,39.72619153
346,8,5,283,116.2344063,40.11105749
347,10,5,383,116.1750162,40.00582431
348,6,20,423,116.1734361,39.8487969
349,9,15,2,116.2995227,39.85265003
350,8,15,427,116.6506081,40.41177136
351,8,10,229,116.1027196,40.05192624
352,8,15,193,116.9970977,39.99830402
353,8,5,252,116.24856,40.53450257
354,5,10,116,115.6971702,39.7554337
355,9,5,141,116.3325012,40.56123779
356,8,5,41,115.9655799,40.24903218
357,9,10,336,116.4480834,40.23707917
358,8,5,47,116.7600581,40.29138702
359,8,5,394,116.4948825,40.11627321
360,6,5,496,116.3661338,39.75211054
361,6,10,377,116.1335529,39.66108922
362,3,10,332,116.6827155,39.83334041
363,6,15,154,116.6520718,39.76009001
364,12,5,431,116.4594827,40.03651218
365,8,10,217,116.4804964,39.90690664
366,8,5,0,115.906649,39.94063532
367,9,20,199,116.4399653,39.90928022
368,9,10,325,116.5846682,40.11019217
369,8,10,303,115.9095069,39.84687528
370,8,5,387,116.0218799,39.86739518
371,8,20,196,117.1565266,40.37601993
372,13,5,108,116.5831722,40.01262947
373,8,10,14,116.6623191,39.8590793
374,6,5,223,116.5985519,39.81491759
375,8,5,338,116.6058445,40.42742878
376,9,20,12,116.3220493,39.60663487
377,5,20,378,116.6083559,39.71567524
378,6,15,472,116.29156,39.70460995
379,5,5,110,115.9180344,40.38023296
380,8,10,216,116.2477624,40.00357277
381,6,5,94,116.7469534,39.84701303
382,14,10,46,116.6496401,40.08136028
383,6,10,89,116.5287319,40.159364
384,8,10,41,115.9404174,40.19369958
385,8,10,469,116.1148391,40.17272964
386,11,20,170,116.3692612,40.09959732
387,9,5,99,116.6379882,40.13451917
389,15,10,249,116.0463827,39.65650498
390,10,5,148,116.1804334,40.16205835
391,8,5,460,116.4486535,39.74778445
392,8,10,230,116.5495067,39.97302931
393,10,10,452,115.9384949,40.49812132
394,6,10,33,116.3840177,40.05831511
395,6,10,127,116.5857118,40.21717938
396,5,15,235,116.3125103,40.07577669
397,9,10,307,116.3662587,39.93468669
398,8,20,114,116.7577464,39.71632255
399,10,10,183,116.840066,39.76247421
400,8,10,65,116.3634375,39.68833407
401,5,15,488,116.2843315,39.87824496
402,8,15,253,116.1560902,40.22471389
403,8,5,120,116.8972166,40.25595752
404,8,5,130,116.7846209,39.91950679
405,8,15,204,115.8980601,39.51492741
406,5,20,91,116.696513,40.19092121
407,10,5,441,116.7457851,39.56126395
408,9,10,11,116.5132898,40.0546837
409,9,15,278,116.1699989,39.96161064
410,8,15,124,116.8087082,39.53767842
411,9,10,59,115.9463451,40.1013596
412,6,10,287,116.383661,40.20226187
413,8,15,258,116.4834386,39.85815619
414,8,20,257,116.1576797,39.96933414
415,11,10,251,116.375233,39.97199669
416,4,15,313,116.4366617,39.89584328
417,5,10,420,116.7596629,40.10941179
418,5,10,203,116.3298675,39.78122361
419,6,15,128,116.524203,39.9447578
420,8,10,107,117.0216039,40.23073691
421,11,15,213,116.2953722,39.91542837
422,9,10,14,116.62699,39.86222521
423,6,10,397,115.9625531,39.63998611
424,8,5,474,116.3712752,39.90213877
425,8,10,363,116.5067241,40.31462362
426,8,15,53,116.130365,39.78780982
427,8,10,386,116.4745328,39.65763329
428,6,10,470,116.4508564,39.57565417
429,8,10,14,116.6418587,39.85513237
430,8,20,96,116.4160372,39.74674875
431,9,10,244,115.9734778,39.8074075
432,11,10,350,116.4371879,40.11602617
433,10,10,149,116.5996193,39.65919455
434,8,5,243,115.9841675,40.28855318
435,10,5,273,116.6933523,39.60159088
436,9,15,279,116.8959625,39.70254805
437,5,15,115,116.4817483,39.58842575
438,8,5,392,116.4954306,39.80588251
439,10,10,251,116.356146,39.98821311
440,9,10,175,116.5754394,39.89050818
441,15,10,376,116.5128551,40.22953657
442,8,5,199,116.4431077,39.92500308
444,10,10,450,116.4342169,39.64660508
445,9,10,179,116.6890013,39.96055331
446,3,5,171,116.9337477,39.6643779
447,4,15,74,116.220637,39.87666083
448,8,5,391,116.4400371,39.85191922
449,8,10,86,116.1858181,40.55984464
450,9,5,153,116.1984965,39.82719617
451,11,20,287,116.4004167,40.17800184
452,12,5,432,116.5476342,40.02669475
453,6,10,367,116.0226343,40.14014112
454,8,5,285,116.1966854,39.93461158
455,9,10,421,116.2310069,39.79204839
456,8,5,356,116.3537805,39.82423236
457,9,15,462,116.1885598,40.01445329
458,8,10,250,116.8864616,40.20905334
459,9,20,278,116.180277,39.96146984
460,6,5,162,116.7037609,39.91196041
461,8,10,451,116.3132535,40.01220728
462,8,5,172,115.9947997,39.61898452
463,8,15,293,116.4771945,39.7302368
464,8,5,198,116.2424286,39.60586239
465,10,15,426,116.4224476,39.57228666
466,6,5,325,116.5927073,40.13040484
467,8,5,331,116.8081913,40.33238822
468,8,15,121,116.9203588,39.99239364
469,8,10,377,116.1092008,39.65181716
470,6,10,358,116.2879261,39.95515871
471,9,10,115,116.5129406,39.61131475
472,8,15,260,116.9554613,40.44371549
473,8,10,461,116.4120045,39.92220715
474,5,10,77,117.0311423,40.49895468
475,5,5,61,116.129782,39.99608875
476,10,10,440,116.266349,39.67414922
477,8,10,156,116.3349402,39.88939192
478,8,15,449,116.649079,39.98918994
479,6,5,497,116.0678569,39.6750824
480,8,5,312,116.7957984,39.75378199
481,9,10,171,117.00396,39.68778422
482,8,10,277,116.3332989,40.47707087
483,8,15,50,116.3042199,39.79599645
484,13,5,239,116.8024028,39.94390097
485,6,15,290,116.076652,39.73100585
486,12,10,329,116.2272308,40.24642195
487,6,5,492,116.6361899,39.8079173
488,10,10,434,116.2461168,39.72345411
489,9,10,365,115.9811589,40.52115766
490,9,20,262,116.9196545,40.33213309
491,11,10,384,116.4983534,39.98651884
492,9,5,168,116.7330918,40.47287796
493,8,5,374,116.7362506,40.16035059
494,11,5,405,116.7473012,40.21340099
495,11,15,319,116.4061718,39.59719053
496,8,10,252,116.2177601,40.48651256
497,8,15,402,116.2826155,39.82393599
498,8,15,357,116.2878095,40.29321924
499,8,10,345,116.6646346,40.24677277
500,9,5,24,115.8486854,39.58199062
501,12,10,315,116.1054212,39.85028847
502,9,15,134,116.8811185,40.45288453
503,9,10,212,115.8768432,39.88763652
504,8,10,341,116.1475991,40.29360058
505,9,10,80,116.5261108,39.8144732
506,13,15,206,116.50152,39.78595979
507,8,15,181,116.5500092,40.21264718
508,8,10,243,115.9982088,40.34067433
509,8,10,302,115.8865087,39.7424751
510,11,20,29,116.2102926,39.5216063
511,9,15,314,116.5060742,40.43013059
512,6,15,445,116.4324355,39.87943624
513,6,15,60,116.8564535,40.29938217
514,5,15,25,117.167909,40.16766571
515,10,15,363,116.5292297,40.30184755
516,8,5,200,116.2153934,39.95951911
517,9,10,74,116.2047683,39.86402748
518,8,20,449,116.6214301,39.96650809
519,6,15,324,116.3271823,39.93496965
520,10,10,277,116.3858119,40.45297099
521,9,15,106,116.3129968,40.15119234
522,8,15,276,116.9388483,40.0957643
523,10,10,138,116.1583981,39.85211461
524,6,10,457,116.3928583,39.81354737
525,6,10,30,116.5785578,39.92774272
526,10,10,282,116.2039966,40.19510372
527,8,15,342,116.8124789,40.12638728
528,9,15,55,116.1662703,39.55247216
529,6,10,476,116.3120882,40.24010843
530,11,5,142,116.812741,40.19723667
531,8,10,16,116.6262892,40.20593307
532,10,10,184,116.7908984,39.81470882
533,11,5,334,116.3305189,39.54911354
534,8,10,96,116.4126565,39.7264192
535,6,10,226,116.2696245,39.95864694
536,6,15,237,116.3933882,39.50911203
537,11,10,411,116.3061402,39.67256818
538,8,15,152,116.4230733,39.81342413
539,10,10,294,116.4683904,39.9319365
540,8,10,375,116.4180156,39.99978959
541,9,15,119,116.5112207,39.75731691
542,12,20,410,116.1754121,40.06754847
543,5,15,143,116.3421246,40.19008553
544,9,10,200,116.2269733,39.97318323
545,9,15,302,115.9144224,39.72983969
546,11,10,310,116.3903431,39.76643763
547,10,15,396,116.5383084,39.7560339
548,10,15,14,116.640771,39.84460509
549,12,20,404,116.6603224,40.12920097
550,8,5,251,116.3561917,39.98092027
551,8,5,229,116.0560431,40.06098794
552,8,10,5,116.7616566,40.41481414
553,8,10,327,116.8529404,40.05920489
554,8,15,78,116.0366771,39.94000565
555,11,10,249,116.0073204,39.6626156
556,8,10,388,116.3803062,40.24733539
557,10,15,83,116.9239902,39.85915172
558,8,10,109,115.9340318,39.67928171
559,8,10,137,115.7865084,39.94876471
560,9,15,297,116.1406818,39.73990548
561,12,10,46,116.6586646,40.05984199
562,8,10,373,116.3974614,39.64606828
563,12,15,366,116.6197906,39.92815261
564,4,10,114,116.733913,39.70543028
565,9,5,398,116.7629056,39.64643195
566,12,5,410,116.1839987,40.06651318
567,8,15,173,116.5184798,39.6945596
568,10,5,267,116.4374042,40.0650202
569,8,15,455,116.8643272,39.61847731
570,10,10,214,116.5684501,39.75979895
571,13,15,151,116.478762,40.08416309
572,11,10,430,116.7244259,39.94585753
573,12,10,467,116.5644585,39.85042634
574,8,15,326,116.7886266,40.05362307
575,6,10,67,116.4722212,39.9597012
576,6,15,87,116.3628469,39.4756895
577,11,15,354,116.2184737,39.70866355
578,8,15,91,116.677902,40.21814209
579,8,10,170,116.3723382,40.10750501
580,10,15,280,116.5921204,40.35425952
581,8,15,93,116.3743564,39.85414503
582,8,15,178,116.1642184,39.64201928
583,10,5,478,116.3050856,39.75309964
584,10,10,83,116.8719597,39.8525581
585,9,10,439,116.4690021,39.98419756
586,9,10,409,116.2503147,40.07011866
587,9,10,43,116.6242181,39.76211403
588,6,15,496,116.3617687,39.72877962
589,10,15,213,116.2678369,39.9015216
590,12,15,297,116.1255444,39.74668433
591,6,15,231,116.9006526,40.09391848
592,6,15,456,116.6554184,39.59267063
593,9,5,388,116.3449165,40.26062885
594,9,15,300,116.6038014,40.01986812
595,8,10,11,116.5006197,40.03740722
596,6,15,232,116.2675069,40.01490962
597,5,15,356,116.3562476,39.84853368
598,9,15,84,117.1036647,40.18123954
599,14,15,39,116.0400772,39.76730413
600,8,15,94,116.7601072,39.85604299
601,10,15,131,116.7095132,40.00981111
602,9,15,388,116.3813563,40.21102067
603,8,5,474,116.3857852,39.88114996
604,8,15,196,117.1668813,40.25281875
605,8,10,79,116.3059109,39.96724864
606,13,15,69,116.7340273,39.9671872
607,8,15,69,116.7514857,39.93686365
608,9,20,163,116.4757816,39.70402133
609,10,15,384,116.5163194,39.9822887
610,6,5,113,116.2727597,39.73073806
611,8,15,81,116.5401744,40.52635158
612,8,5,280,116.6133589,40.35293263
613,8,5,402,116.2826474,39.83327736
614,8,15,30,116.5640039,39.92144377
615,8,10,413,116.617644,39.54923876
616,10,10,40,116.4431208,39.79067098
617,8,15,2,116.3209074,39.85246735
618,8,15,200,116.2158175,39.95505726
619,8,10,237,116.3818461,39.53381574
620,8,10,411,116.2935135,39.65889842
621,9,10,361,116.4187162,39.8579721
622,9,15,286,116.1008308,39.87580269
623,8,15,295,116.1334011,40.07053111
624,9,15,398,116.8134895,39.63164529
625,11,10,490,116.013829,39.96049193
626,8,10,424,116.5602618,39.95466981
627,8,10,495,116.5866996,40.02881839
628,12,5,156,116.3521819,39.90170673
629,8,10,219,116.2543805,39.68510605
630,9,10,211,115.987769,39.72434991
631,8,15,108,116.5857069,39.98622468
632,8,5,489,116.8205237,40.03662637
633,8,5,190,116.5339096,40.09207879
634,11,15,51,116.4168726,39.89399429
635,8,15,96,116.4186817,39.75823401
636,9,10,160,116.8118129,40.08462893
637,6,10,194,116.4851751,39.89228038
638,11,10,274,116.1549505,40.11786282
639,8,10,179,116.7014701,39.965679
640,10,10,194,116.5191581,39.88333845
641,6,10,34,116.2421552,40.14671146
642,5,15,364,115.9613849,40.37172592
643,8,10,286,116.0660499,39.89978251
644,8,10,244,115.9720613,39.78231314
645,6,15,493,116.3641648,40.06670285
646,9,15,455,116.8718885,39.68004827
647,11,10,412,116.1425403,39.87024245
648,13,15,98,116.4944637,39.8311076
649,10,10,18,116.1714821,39.6864271
650,9,10,0,115.9312442,39.9200234
651,8,10,161,115.8854962,39.65119606
652,8,10,412,116.1440302,39.89765887
653,8,15,157,116.6920069,39.66841895
654,13,10,125,116.1003933,39.81243904
655,9,15,169,116.0561214,39.86347644
656,8,10,49,116.2461097,40.59518576
657,5,15,247,116.6721657,39.76474873
658,10,10,203,116.3452886,39.77245898
659,6,10,210,116.4828813,40.18180753
660,5,10,294,116.4843526,39.93619948
661,14,10,14,116.6499773,39.87571425
662,9,10,375,116.4068659,40.00368947
663,11,15,235,116.2982579,40.06934624
664,9,10,396,116.5396307,39.73829406
665,15,15,344,116.5954627,40.20465786
666,8,15,341,116.1254165,40.25470256
667,10,15,26,116.7291816,39.8546433
668,7,10,7,116.0962664,40.34845303
669,9,5,424,116.5551982,39.95744343
670,6,10,12,116.3540652,39.59653184
671,9,5,337,116.2126423,40.15002287
672,7,10,129,116.3945585,40.31022728
673,10,10,20,116.4522811,40.10758204
674,12,10,192,116.0380015,40.43174287
675,8,20,323,116.4501294,39.84986878
676,9,15,335,115.9819669,40.05737378
677,6,10,247,116.6971954,39.75726019
678,9,10,259,116.6723894,40.17623394
679,6,10,378,116.5774749,39.70969694
680,3,10,353,116.2061723,40.27573458
681,7,10,219,116.2621549,39.68862587
682,9,10,10,117.0037837,40.07620867
683,8,10,27,116.5109966,39.66002815
684,8,20,192,116.0259504,40.45515684
685,11,10,201,116.2112354,39.7712993
686,8,20,380,116.2876218,39.9938518
687,8,10,311,116.200973,39.66170168
688,7,5,147,116.4666034,40.34383438
689,8,10,352,116.5135661,40.20303014
690,5,10,170,116.3929605,40.10079289
691,7,10,247,116.6930211,39.74765431
692,11,10,446,116.5325996,40.06223311
693,5,10,395,115.8787181,40.1063699
694,7,10,471,116.5403022,39.77163485
695,4,10,336,116.4448187,40.21464846
696,11,20,153,116.2031165,39.81931694
697,5,10,310,116.3875018,39.78298881
698,8,20,106,116.294219,40.17221465
699,12,10,392,116.4901993,39.80792088
700,7,10,130,116.7751991,39.90346179
701,8,20,143,116.3192826,40.19339984
702,7,10,230,116.5436045,39.9806655
703,6,10,160,116.8337607,40.0721788
704,10,15,333,116.7270693,40.23492029
705,12,5,210,116.469602,40.16506954
706,8,10,340,116.3702825,40.04252043
707,9,10,38,116.395268,40.02388896
708,7,15,1,116.7559153,40.03985029
709,7,10,315,116.1185139,39.82514643
710,8,10,321,116.2787663,40.04584047
711,6,10,264,116.3297767,40.09351031
712,7,10,449,116.616685,39.956446
713,9,10,402,116.2762496,39.83211863
714,8,5,149,116.6210967,39.65113691
715,7,20,477,116.7222165,40.16404279
716,9,20,257,116.1473813,39.97415146
717,9,15,375,116.3827636,39.995717
718,10,10,43,116.6120969,39.75074761
719,9,10,76,115.9792856,40.09583079
720,9,15,473,116.2401049,39.57148421
721,7,5,394,116.5026284,40.12926656
722,10,10,189,116.9239988,40.39658645
723,6,10,436,116.2874107,39.97233216
724,9,10,417,116.1854106,39.97432821
725,7,10,4,116.4681244,39.77808386
726,7,10,2,116.301418,39.856229
727,14,10,418,116.1786098,40.1228033
728,10,10,158,116.0933696,39.94827405
729,10,10,482,116.6441557,40.1212091
730,7,10,153,116.1868992,39.82487387
731,5,10,439,116.4663288,40.01096543
732,9,10,174,116.2962364,40.33509209
733,4,10,225,116.2827878,40.21894297
734,5,15,146,116.2911277,39.5091625
735,8,5,293,116.4786576,39.74364307
736,7,10,68,116.0970003,40.09169881
737,6,10,167,116.174556,39.73300522
738,7,10,18,116.193554,39.68896448
739,9,10,68,116.1028114,40.11449253
740,10,15,84,117.0802637,40.2013478
741,8,20,318,116.3946551,39.83972732
742,8,10,360,116.0710521,40.16772177
743,5,10,46,116.6427179,40.04931639
744,6,5,442,116.1449579,40.10974294
745,9,10,37,116.2166314,39.81469126
746,7,10,223,116.5809682,39.79801052
747,8,10,54,116.7070446,39.77968489
748,11,20,492,116.6404383,39.82990415
749,7,10,484,116.864478,39.80315841
750,9,10,387,116.014892,39.88721891
751,9,10,107,116.9946728,40.31613489
752,7,10,324,116.3383408,39.92296418
753,6,5,105,116.8715965,40.5848799
754,4,20,34,116.2429236,40.14429916
755,14,5,209,116.4229263,40.18117052
756,10,10,371,116.4085785,39.93691603
757,11,10,366,116.6052028,39.94031765
758,7,10,170,116.3840354,40.10374884
759,7,10,156,116.3515214,39.88431956
760,9,10,324,116.3207184,39.93799588
761,7,10,253,116.1702613,40.24325174
762,5,10,460,116.4372685,39.75845593
763,7,10,131,116.673827,40.01904297
764,10,15,471,116.5223223,39.77414119
765,6,15,197,116.0391424,40.10711409
766,9,5,449,116.645713,39.96651808
767,7,5,315,116.1410519,39.82296003
768,6,10,357,116.2667772,40.29845066
769,7,5,233,116.3366896,40.03520946
770,7,10,275,116.2454667,39.89600975
771,7,10,313,116.4404833,39.89167884
772,6,15,9,116.2968195,40.03264981
773,10,10,128,116.5351914,39.94284948
774,8,10,373,116.3709039,39.63791805
775,6,10,12,116.3247121,39.62198839
776,6,10,379,116.1938599,39.80055285
777,15,5,11,116.5208623,40.02879404
778,8,10,261,116.3006,39.72963267
779,5,10,86,116.1333281,40.56855153
780,6,5,183,116.8232263,39.7527857
781,8,10,202,116.6016764,40.25659745
782,8,10,42,116.1911477,40.0395799
783,9,5,128,116.5276441,39.93001557
784,9,10,208,117.1837937,40.09211002
785,8,10,131,116.6935621,40.01051039
786,7,15,173,116.5222035,39.71864442
787,5,20,428,116.1246602,40.02187731
788,9,10,349,116.6821629,40.13823411
789,10,10,487,116.4440043,39.86822155
790,10,5,311,116.2292281,39.64821491
791,6,15,65,116.3877118,39.68068452
792,7,15,356,116.367052,39.84106274
793,13,10,410,116.1763052,40.08145067
794,6,10,478,116.3182363,39.77040424
795,7,10,251,116.3473848,39.97315672
796,12,10,483,116.370111,40.141858
797,6,20,76,116.0052713,40.10412059
798,13,20,479,116.6786888,40.06357607
799,10,10,165,116.4008143,39.95635212
800,9,10,51,116.4009459,39.89739053
801,5,15,211,116.0208389,39.71158622
802,7,10,447,116.8813314,40.33025965
803,10,15,115,116.484797,39.58978594
804,8,10,372,116.7112582,39.92577437
805,9,10,308,116.4317429,40.01171246
806,9,15,454,116.4752056,40.25899327
807,8,20,348,116.7228286,39.80395798
808,9,10,354,116.2265352,39.71734474
809,8,10,467,116.5344669,39.85509025
810,7,15,40,116.4243185,39.78277998
811,8,5,80,116.5532537,39.7956027
812,10,10,218,116.4365739,39.83805574
813,12,10,199,116.4518685,39.91618168
814,11,10,186,116.3784328,40.02304756
815,11,15,382,116.6527299,39.92228371
816,9,20,151,116.4833796,40.07920168
817,10,10,356,116.3442893,39.83422095
818,11,5,253,116.1601198,40.2162856
819,8,10,297,116.1225376,39.75839481
820,8,10,136,116.9458299,40.14802449
821,9,15,440,116.2830383,39.68080738
822,5,10,184,116.7751918,39.81787952
823,7,10,187,116.1237175,40.14985368
824,7,10,275,116.2329692,39.8697836
825,7,10,88,116.6894451,39.69751873
826,8,5,302,115.882863,39.69815179
827,7,10,98,116.4863708,39.83463917
828,9,10,368,116.452626,39.79671105
829,9,10,149,116.6201845,39.67349471
830,5,10,154,116.635825,39.76788351
831,7,10,50,116.2629897,39.78538556
832,7,10,301,116.5715628,39.87077688
833,10,10,118,116.2450738,40.19795603
834,7,10,188,116.5113375,39.96806894
835,9,15,28,116.7892746,40.21084569
836,8,10,115,116.4816541,39.57219013
837,9,10,286,116.0902428,39.90795728
838,10,10,14,116.6582524,39.8551826
839,10,10,438,116.79617,40.28053717
840,7,10,175,116.561697,39.896442
841,7,10,449,116.6270805,39.98425827
842,7,10,97,116.4718665,40.04620866
843,8,10,495,116.5864674,40.05889013
844,7,20,113,116.264369,39.71061217
845,8,10,241,116.5950277,40.15345354
846,7,5,486,116.7599581,40.3584297
847,7,10,254,116.4408682,39.71589972
848,8,10,158,116.085496,39.95185078
849,10,15,261,116.32106,39.7343166
850,8,10,445,116.4261381,39.87357112
851,8,10,152,116.408152,39.81498457
852,7,10,213,116.2891795,39.89963707
853,12,10,207,116.2916373,40.25673864
854,10,10,464,116.3404393,39.80442083
855,7,10,70,116.1403946,40.33338945
856,7,10,332,116.6602862,39.81063661
857,7,10,267,116.4300177,40.07257262
858,7,10,353,116.2174395,40.29534811
859,8,10,213,116.288301,39.92804065
860,10,15,150,116.6015279,39.88942752
861,9,10,307,116.3648524,39.9214249
862,7,10,104,116.2153396,40.10975905
863,7,15,148,116.1763304,40.16281961
864,7,10,159,116.6472412,40.03639881
865,10,15,295,116.1545611,40.07269928
866,8,15,448,115.9543653,39.75610054
867,7,10,272,116.4387908,39.98597129
868,14,10,140,116.2204282,39.9973444
869,9,5,79,116.3251747,39.95706001
870,10,10,465,116.1681329,39.76087294
871,12,15,423,116.1820706,39.8560206
872,9,10,242,116.4226564,39.96989333
873,7,10,203,116.3497277,39.78402261
874,8,20,296,116.2514281,40.02974786
875,5,10,266,116.3121465,39.81204863
876,7,10,122,116.2764644,40.15747979
877,5,10,394,116.5121389,40.13737299
878,9,10,99,116.6285213,40.12592913
879,7,15,401,116.3778616,39.80663944
880,9,10,190,116.5455828,40.09082159
881,7,10,66,116.3385335,39.69269761
882,10,15,339,116.4626562,40.06872161
883,9,15,25,117.1399509,40.1748134
884,9,10,439,116.4714568,39.99454214
885,7,10,322,116.2667537,40.12829132
886,7,15,57,116.0484624,40.30733164
887,7,10,80,116.5431518,39.82400786
888,4,10,494,116.7845644,40.03344942
889,8,10,18,116.1810218,39.70583784
890,7,10,210,116.4790955,40.1696537
891,7,15,496,116.3570939,39.73398827
892,7,10,188,116.49324,39.95120646
893,12,15,61,116.1606471,39.99652398
894,8,5,345,116.675249,40.27252495
895,10,15,276,116.9129374,40.04886316
896,8,15,72,115.9472588,39.71456042
897,10,20,244,115.9989677,39.79070359
898,8,20,375,116.4092013,39.99155133
899,7,10,434,116.2538666,39.7296183
900,11,15,461,116.4141966,39.91710474
901,9,10,377,116.1342624,39.69919618
902,7,20,225,116.2783039,40.22922276
903,11,20,264,116.3127401,40.11920917
904,10,10,257,116.1711738,39.98061348
905,9,10,98,116.5115396,39.83579339
906,7,10,368,116.4746801,39.81514124
907,8,15,440,116.2679152,39.66142937
908,11,10,241,116.5578891,40.15363169
909,8,20,493,116.3556146,40.07733951
910,7,10,301,116.5947848,39.85779425
911,7,20,96,116.4188378,39.71999772
912,7,10,429,116.031766,39.80258762
913,7,20,22,115.7791522,39.68769153
914,5,15,164,116.2182419,40.01282035
915,7,10,323,116.4484467,39.85209391
916,8,20,487,116.4360371,39.87213129
917,7,15,11,116.5361959,40.04874032
918,11,15,31,116.8292723,40.17002946
919,7,15,112,116.1028027,39.71895029
920,13,15,158,116.0739595,39.92865711
921,10,10,297,116.1352493,39.74545554
922,10,15,287,116.3917597,40.19454209
923,5,15,319,116.3846906,39.61147058
924,8,15,248,116.4245592,39.62431897
925,7,10,264,116.3234915,40.0868041
926,10,15,152,116.4166376,39.80129029
927,5,15,155,116.6790986,40.38153366
928,7,20,474,116.3705452,39.87947037
929,9,15,143,116.334462,40.20089355
930,8,10,175,116.5609554,39.90171908
931,7,10,111,116.5731954,40.38657887
932,8,20,224,116.6806098,40.10480438
933,7,25,251,116.3560293,39.9951123
934,7,25,36,116.236065,39.96188709
935,8,20,125,116.0894535,39.79454472
936,7,10,152,116.4099503,39.81263265
937,7,15,258,116.5043897,39.86052067
938,14,15,150,116.6106378,39.89035247
939,5,10,112,116.1217934,39.72415293
940,7,10,65,116.3818406,39.70158305
941,10,15,73,116.3446301,40.13082517
942,10,10,407,116.5199446,39.50097208
943,5,10,283,116.2450108,40.12361613
944,7,25,360,116.0800593,40.21298314
945,5,15,15,116.7612958,39.88718524
946,9,15,194,116.4968613,39.89646455
947,7,25,409,116.2644358,40.09179155
948,9,15,392,116.5033796,39.81033378
949,7,10,285,116.1906219,39.9237593
950,7,15,178,116.1364182,39.62167291
951,11,10,344,116.5969448,40.18461614
952,8,15,246,116.8392664,39.86182085
953,7,10,145,116.2290428,39.92012993
954,9,15,138,116.1427535,39.8605232
955,8,15,392,116.4875324,39.81307982
956,7,15,194,116.5026994,39.90531825
957,5,15,20,116.4661242,40.10622298
958,8,15,27,116.5256249,39.6412053
959,4,15,379,116.1734177,39.81531699
960,10,5,156,116.3397859,39.89496439
961,8,15,425,116.5660329,40.29117339
962,9,15,417,116.1986694,39.95376303
963,7,15,15,116.7794191,39.87986486
964,8,15,163,116.4774352,39.67863651
965,9,10,139,116.7049017,40.12314319
966,5,15,231,116.8922966,40.12307666
967,7,15,316,116.1970987,40.23223422
968,7,15,173,116.5199688,39.70809897
969,8,15,106,116.32095,40.17114556
970,7,20,422,116.8432643,39.84019153
971,10,10,148,116.1878114,40.1608132
972,5,15,51,116.3982097,39.90457681
973,7,10,414,116.7330115,40.05644319
974,7,10,314,116.5045737,40.370463
975,7,15,44,116.2545702,40.02717331
976,11,15,186,116.3682167,40.02031364
977,7,15,419,116.5507431,39.88371702
978,5,15,355,116.3369706,40.34035685
979,11,10,96,116.4327008,39.74212193
980,7,15,176,116.4009931,39.83678979
981,11,15,266,116.3246545,39.83289644
982,8,10,169,116.0493075,39.8431139
983,7,15,56,116.6432741,40.2972574
984,7,15,310,116.3878182,39.79537955
985,9,10,255,116.6074372,40.11635766
986,7,15,88,116.6620189,39.70403971
987,9,15,153,116.1995933,39.84077163
988,8,10,359,116.623897,40.02775036
989,7,15,467,116.5303112,39.84861549
990,10,15,203,116.3602199,39.77220535
991,7,15,177,116.4667348,39.83501268
992,7,15,293,116.4786544,39.75767117
993,7,15,297,116.1472054,39.73933747
994,7,15,275,116.2370288,39.89423739
995,7,10,298,117.0418873,40.11661905
996,7,15,466,116.7258595,40.36497599
997,9,10,104,116.2325478,40.10071953
998,9,15,201,116.2167338,39.75759144
999,7,5,90,115.9914351,39.87142957
1000,7,15,333,116.7112284,40.24374661
1001,7,25,211,115.9843547,39.73902606
1002,8,15,229,116.0875095,40.03372004